Name,Latitude,Longitude,Address,Ward,Rating,Google Maps URL
Aloha Coffee - Quận 7,10.7391805,106.69948049999999,"Aloha Coffee - Quận 7, 52 Đ. Số 1, Khu đô thị Him Lam, Tân Hưng, Hồ Chí Minh, Việt Nam",Tân Hưng,4.4,https://www.google.com/maps/place/?q=place_id:ChIJ1ZYg2cEvdTERpBOgUoIw05M
Bamos Coffee Quận 7 - Cà phê 24h,10.735802699999999,106.70611199999999,"Bamos Coffee Quận 7 - Cà phê 24h, 130 Đ. Số 65, Khu định cư Tân Quy Đông, Tân Hưng, Hồ Chí Minh 700000, Việt Nam",Tân Hưng,4.2,https://www.google.com/maps/place/?q=place_id:ChIJQ0tQ1covdTERyoCkM0SttZo
Âme Café & Brunch - The Panorama,10.7217913,106.71451119999999,"Âme Café & Brunch - The Panorama, The Panorama, 28 Đường P, Khu đô thị Phú Mỹ Hưng, Tân Hưng, Hồ Chí Minh 70000, Việt Nam",Tân Hưng,4.6,https://www.google.com/maps/place/?q=place_id:ChIJTV9TVm4vdTERa-BUb66Q9hE
Hi Café - Cà phê Quận 7,10.7339197,106.7093788,"Hi Café - Cà phê Quận 7, Đ. Số 2/36 Hưng Gia 1, 5, Khu đô thị Phú Mỹ Hưng, Tân Hưng, Hồ Chí Minh 700000, Việt Nam",Tân Hưng,5,https://www.google.com/maps/place/?q=place_id:ChIJlTftGnYvdTERQslD9UnJybg
LỀ CAFÉ,10.741608,106.6950148,"LỀ CAFÉ, 98 Nguyễn Thị Thập, Khu đô thị Him Lam, Tân Hưng, Hồ Chí Minh 70000, Việt Nam",Tân Hưng,4.2,https://www.google.com/maps/place/?q=place_id:ChIJFXNI5nAvdTERtz6pGXglF58
O’renchi Cafe,10.7358491,106.70285009999999,"O’renchi Cafe, 501 Lê Văn Lương, Tân Hưng, Hồ Chí Minh, Việt Nam",Tân Hưng,4.6,https://www.google.com/maps/place/?q=place_id:ChIJvele0CAvdTER6wsJuWGus5I
Sumatra Coffee & Cigar Lounge Phú Mỹ Hưng - Cafe Ngon Quận 7,10.7311857,106.7100687,"Sumatra Coffee & Cigar Lounge Phú Mỹ Hưng - Cafe Ngon Quận 7, 8-10 Lê Văn Thiêm, Hưng P, Tân Hưng, Hồ Chí Minh 700000, Việt Nam",Tân Hưng,4.9,https://www.google.com/maps/place/?q=place_id:ChIJtZLv8kgvdTERMwPh4D4TwNs
TPT Coffee and Brunch,10.733733599999999,106.7087078,"TPT Coffee and Brunch, Đ. Số 2/47 Bùi Bằng Đoàn, Khu đô thị Phú Mỹ Hưng, Tân Hưng, Hồ Chí Minh, Việt Nam",Tân Hưng,4.4,https://www.google.com/maps/place/?q=place_id:ChIJLUVr2H0vdTERS25lHVnjlSQ
An Coffee,10.7441994,106.7017819,"An Coffee, 208 Nguyễn Hữu Thọ, P, Tân Hưng, Hồ Chí Minh, Việt Nam",Tân Hưng,4.9,https://www.google.com/maps/place/?q=place_id:ChIJ9Y4UWwAvdTERy3VBi4ibVO8
Tiệm Cà Phê Tuệ,10.7467043,106.700386,"Tiệm Cà Phê Tuệ, Hẻm vào nhà hàng Maison, 793/57/3 Trần Xuân Soạn, KP4, KDC Kiều Đàm, Tân Hưng, Hồ Chí Minh, Việt Nam",Tân Hưng,4.5,https://www.google.com/maps/place/?q=place_id:ChIJz9yoFaovdTERiC82rzvfupU
KAFIN COFFEE Quận 7,10.7467075,106.6940188,"KAFIN COFFEE Quận 7, 62 Hẻm 1041/62 Trần Xuân Soạn, Tân Hưng, Hồ Chí Minh, Việt Nam",Tân Hưng,4.7,https://www.google.com/maps/place/?q=place_id:ChIJIfv1PKkvdTERJjT5ksY7hp4
Rosso Coffee & Juice,10.7395684,106.69869879999999,"Rosso Coffee & Juice, 37 Đ. Số 3, Khu đô thị Him Lam, Tân Hưng, Hồ Chí Minh, Việt Nam",Tân Hưng,4.2,https://www.google.com/maps/place/?q=place_id:ChIJfXkCGqIvdTERtjxQFu6SW_A
The Coffee Ship,10.7519431,106.70011489999999,"The Coffee Ship, 759 Đ. Trần Xuân Soạn, Tân Hưng, Hồ Chí Minh, Việt Nam",Tân Hưng,4.5,https://www.google.com/maps/place/?q=place_id:ChIJEdLERHMvdTERXDgbLXBucGw
THẢO CAFE,10.7478122,106.70704359999999,"THẢO CAFE, 83 Số 3, Tân Hưng, Hồ Chí Minh 700000, Việt Nam",Tân Hưng,4.7,https://www.google.com/maps/place/?q=place_id:ChIJWc832iQvdTER8_xu35LVBDE
DEMI Coffee,10.7392474,106.6963581,"DEMI Coffee, 75-77 Đ. D1, Khu đô thị Him Lam, Tân Hưng, Hồ Chí Minh, Việt Nam",Tân Hưng,4.3,https://www.google.com/maps/place/?q=place_id:ChIJMUbOJ-QvdTERiOjE5hDNMZA
Về nhà Cafe,10.742243199999999,106.7086691,"Về nhà Cafe, 77/21b Đ. Số 8, Tân Hưng, Hồ Chí Minh, Việt Nam",Tân Hưng,4.6,https://www.google.com/maps/place/?q=place_id:ChIJB4nbLQAvdTER5KFjKHzyYc8
Luna Cà Phê,10.7406662,106.69583639999999,"Luna Cà Phê, 138 Đường Số 14, KDC Him Lam, Tân Hưng, Hồ Chí Minh, Việt Nam",Tân Hưng,4.1,https://www.google.com/maps/place/?q=place_id:ChIJm9W_Y6EvdTERyotz5uH1YQY
Cimille coffee,10.732073699999999,106.7072589,"Cimille coffee, 80 Cao Triều Phát, Khu đô thị Phú Mỹ Hưng, Tân Hưng, Hồ Chí Minh, Việt Nam",Tân Hưng,4.5,https://www.google.com/maps/place/?q=place_id:ChIJP4zN3JMvdTERk75Hzg9lZVM
Coffee Mây,10.746987299999999,106.7055314,"Coffee Mây, 20 Đ. Số 2, Tân Hưng, Hồ Chí Minh, Việt Nam",Tân Hưng,4.7,https://www.google.com/maps/place/?q=place_id:ChIJBUQSWQAvdTER0CrB1Qroz40
Kofi Kai - Tân Quy Đông Quận 7,10.7383654,106.7065502,"Kofi Kai - Tân Quy Đông Quận 7, 26 Đ. Số 65, Khu định cư Tân Quy Đông, Tân Hưng, Hồ Chí Minh, Việt Nam",Tân Hưng,4.2,https://www.google.com/maps/place/?q=place_id:ChIJyaTUOYEvdTERXVnsKOAQ4dk
Hạt Dẻ Coffee,10.743903399999999,106.6981787,"Hạt Dẻ Coffee, F4 Đ. 3A, P, Tân Hưng, Hồ Chí Minh, Việt Nam",Tân Hưng,4.3,https://www.google.com/maps/place/?q=place_id:ChIJo2cz07UvdTER5n3AEH8tGFg
Newdays quận 7 (Japanese Matcha cafe),10.7400754,106.70524569999999,"PPR4+23 Newdays quận 7 (Japanese Matcha cafe), 08 Đ. Số 30, Tân Hưng, Hồ Chí Minh 76000, Việt Nam",Tân Hưng,4.4,https://www.google.com/maps/place/?q=place_id:ChIJTVfkZEQvdTERWIs2pv0FYHI
Củi coffee,10.7440983,106.6980382,"Củi coffee, Đ. 3A, Tân Hưng, Hồ Chí Minh, Việt Nam",Tân Hưng,4.4,https://www.google.com/maps/place/?q=place_id:ChIJE1v0OK8vdTERe1K2RWjHY7A
Gateau de Blanc Dessert & Cafe,10.722567399999999,106.71075929999999,"Gateau de Blanc Dessert & Cafe, 35 duong Khu Phố Mỹ Tú 3, Khu đô thị Phú Mỹ Hưng, Tân Hưng, Hồ Chí Minh, Việt Nam",Tân Hưng,4.4,https://www.google.com/maps/place/?q=place_id:ChIJc2xNY7QvdTERPggyas6oSpY
S2M Gaming - 55 Đường 81 - Quận 7,10.740217399999999,106.7050537,"S2M Gaming - 55 Đường 81 - Quận 7, 55 Đường Số 81, Tân Hưng, Hồ Chí Minh, Việt Nam",Tân Hưng,4.6,https://www.google.com/maps/place/?q=place_id:ChIJAxURfcAvdTERgCYd1GViyt4
NHẸ TÊNH Coffee & Tea - 552 Lê Văn Lương | Cafe Tân Phong | Cafe Quận 7,10.7330399,106.7014327,"NHẸ TÊNH Coffee & Tea - 552 Lê Văn Lương | Cafe Tân Phong | Cafe Quận 7, 552 Lê Văn Lương, Tân Hưng, Hồ Chí Minh 77000, Việt Nam",Tân Hưng,4.6,https://www.google.com/maps/place/?q=place_id:ChIJNwP-6QUvdTERqJOGDQxQRZI
Tropical Fruits Cafe,10.7320199,106.70676209999999,"Tropical Fruits Cafe, 96 Cao Triều Phát, Khu đô thị Phú Mỹ Hưng, Tân Hưng, Hồ Chí Minh 700000, Việt Nam",Tân Hưng,4.3,https://www.google.com/maps/place/?q=place_id:ChIJRSwM2JAvdTERDuvhY7-x-nE
Phê La Nguyễn Thị Thập,10.7393203,106.7079172,"Phê La Nguyễn Thị Thập, 446 Nguyễn Thị Thập, Tân Hưng, Hồ Chí Minh 70000, Việt Nam",Tân Hưng,4.1,https://www.google.com/maps/place/?q=place_id:ChIJx-5pRnYvdTER9nCdoFQ31TY
Mimoza Coffee,10.736652,106.7107015,"PPP6+M78 Mimoza Coffee, Đường số 41, Khu dân cư An Phú Hưng, Tân Hưng, Hồ Chí Minh, Việt Nam",Tân Hưng,4.1,https://www.google.com/maps/place/?q=place_id:ChIJu-yh25ovdTERC3qVMtFmaOs
KAI Coffee - 36St,10.740194599999999,106.70850449999999,"KAI Coffee - 36St, 18 Đường 36, Tân Hưng, Hồ Chí Minh 70000, Việt Nam",Tân Hưng,4.1,https://www.google.com/maps/place/?q=place_id:ChIJvxZcGBYvdTERzLN3iVVGCUo
Avatar Coffee & Bar | BBQ Ngon Quận 7,10.7403164,106.6984311,"Avatar Coffee & Bar | BBQ Ngon Quận 7, 48 Đường Số 14, Khu đô thị Him Lam, Tân Hưng, Hồ Chí Minh 700000, Việt Nam",Tân Hưng,4.3,https://www.google.com/maps/place/?q=place_id:ChIJedQ12eIvdTER-rBN_3RP77w
CAFE 04,10.7485076,106.7024726,"CAFE 04, Nguyễn Hữu Thọ, Tân Hưng, Hồ Chí Minh, Việt Nam",Tân Hưng,4.5,https://www.google.com/maps/place/?q=place_id:ChIJCR8C_HQvdTERf6E7vKHVS-M
Amos Coffee,10.7385767,106.7084721,"Amos Coffee, 3 Đường số 53, Khu định cư Tân Quy Đông, Tân Hưng, Hồ Chí Minh, Việt Nam",Tân Hưng,4.9,https://www.google.com/maps/place/?q=place_id:ChIJ3ebScQAvdTERyLD8LXPz_9o
Neru Coffee 24/7 chi nhánh quận 7,10.7369107,106.7212125,"Neru Coffee 24/7 chi nhánh quận 7, 4 Đ. Số 1, Tân Mỹ, Hồ Chí Minh, Việt Nam",Tân Hưng,3.3,https://www.google.com/maps/place/?q=place_id:ChIJY5LiLgAldTERnL7xhohlJqQ
5Rights Coffee,10.7439071,106.6997071,"5Rights Coffee, G12 Đ. 3A, Tân Hưng, Hồ Chí Minh 700000, Việt Nam",Tân Hưng,4.5,https://www.google.com/maps/place/?q=place_id:ChIJn8nwnOYvdTERSakRV9lv-HE
The Coffee House - Nguyễn Thị Thập 2,10.7397457,106.7053754,"The Coffee House - Nguyễn Thị Thập 2, 492 Nguyễn Thị Thập, Tân Hưng, Hồ Chí Minh 700000, Việt Nam",Tân Hưng,4.3,https://www.google.com/maps/place/?q=place_id:ChIJLa8ztpwvdTERw3VX2CQRurE
An Coffee,10.747886399999999,106.6954516,"PMXW+554 An Coffee, Tân Hưng, Hồ Chí Minh, Việt Nam",Tân Hưng,4.3,https://www.google.com/maps/place/?q=place_id:ChIJLxQNP9svdTER24jQMVm8KTA
Xóm cà phê,10.740832,106.7055711,"Xóm cà phê, 158B Đường số 79, Tân Hưng, Hồ Chí Minh, Việt Nam",Tân Hưng,4.2,https://www.google.com/maps/place/?q=place_id:ChIJTxvopp4vdTERg0o3uCAz5kI
Black coffee,10.744532399999999,106.7005221,"Black coffee, C02 Đường số 2A, Tân Hưng, Hồ Chí Minh, Việt Nam",Tân Hưng,4.3,https://www.google.com/maps/place/?q=place_id:ChIJl21UDsYvdTERc-nREvaOzyg
Katinat Lê Văn Lương,10.7398501,106.70303,"Katinat Lê Văn Lương, 378 Hẻm 380 Lê Văn Lương, Tân Hưng, Hồ Chí Minh, Việt Nam",Tân Hưng,4,https://www.google.com/maps/place/?q=place_id:ChIJo9hdrR0vdTERlML0gUKM6l0
Bamos Coffee Quận 7 - Cà phê 24h (Khu Kim Sơn),10.734841999999999,106.7007331,"Bamos Coffee Quận 7 - Cà phê 24h (Khu Kim Sơn), B68 Đ. Số 3, Khu dân cư Kim Sơn, Tân Hưng, Hồ Chí Minh 70000, Việt Nam",Tân Phong,4.6,https://www.google.com/maps/place/?q=place_id:ChIJ2dp0znIvdTERaFV-0pGsJDI
Tô Tượng Q7- WorkShop Lâm Coffee,10.734233,106.70148479999999,"Tô Tượng Q7- WorkShop Lâm Coffee, 83-85 Đ. số 9, Khu dân cư Kim Sơn, Tân Hưng, Hồ Chí Minh 70000, Việt Nam",Tân Phong,4.7,https://www.google.com/maps/place/?q=place_id:ChIJIV5gogsvdTERmqrw_8Hg69k
Dolphy Café Mỹ Toàn,10.7280977,106.7069178,"Dolphy Café Mỹ Toàn, 1441 Đường Nguyễn Văn Linh, Khu đô thị Phú Mỹ Hưng, Tân Hưng, Hồ Chí Minh, Việt Nam",Tân Phong,4.7,https://www.google.com/maps/place/?q=place_id:ChIJ22p6x2AvdTERFDZPouHGoMs
CAFE MÈO SHIKI - CAFE THÚ CƯNG QUẬN 7- CAT COFFEE,10.7309015,106.7035148,"CAFE MÈO SHIKI - CAFE THÚ CƯNG QUẬN 7- CAT COFFEE, A44 Đường Số 14, Tân Hưng, Hồ Chí Minh, Việt Nam",Tân Phong,4.9,https://www.google.com/maps/place/?q=place_id:ChIJ6WiGSlAvdTERfQHqJng70vk
The Fig Cafe,10.7269128,106.7105692,"The Fig Cafe, 7a Nguyễn Bính, Khu đô thị Phú Mỹ Hưng, Quận 7, Hồ Chí Minh, Việt Nam",Tân Phong,4.3,https://www.google.com/maps/place/?q=place_id:ChIJN_yLl_ovdTERDpCe3N0ySUo
Milano Coffee Kim Sơn | Cà phê quận 7 | Quán Coffee | Cà Phê KDC Kim Sơn,10.7344961,106.701588,"Milano Coffee Kim Sơn | Cà phê quận 7 | Quán Coffee | Cà Phê KDC Kim Sơn, B100-101 Đ. số 9, Khu dân cư Kim Sơn, Tân Hưng, Hồ Chí Minh, Việt Nam",Tân Phong,4,https://www.google.com/maps/place/?q=place_id:ChIJWYqNu5MvdTERXWdgSxtkRpU
HERA COFFEE AND TEA | CÀ PHÊ NGON QUẬN 7 | CÀ PHÊ VIEW ĐẸP QUẬN 7,10.729047999999999,106.7324469,"HERA COFFEE AND TEA | CÀ PHÊ NGON QUẬN 7 | CÀ PHÊ VIEW ĐẸP QUẬN 7, 852 Huỳnh Tấn Phát, Tân Mỹ, Hồ Chí Minh, Việt Nam",Tân Phong,4.3,https://www.google.com/maps/place/?q=place_id:ChIJ5XCVgXkldTERHaducpyRtZg
The Seventh Barista/cafe and more,10.7268505,106.69347619999999,"The Seventh Barista/cafe and more, 63 đường số 14, khu ven sông, Tân Hưng, Hồ Chí Minh 760000, Việt Nam",Tân Phong,4.7,https://www.google.com/maps/place/?q=place_id:ChIJs06heDUvdTERoNy1SNffOr8
VivaStarCoffee Tân Phong,10.7374041,106.70639519999999,"VivaStarCoffee Tân Phong, 62 Đ. Số 65, Khu định cư Tân Quy Đông, Tân Hưng, Hồ Chí Minh, Việt Nam",Tân Phong,4.8,https://www.google.com/maps/place/?q=place_id:ChIJZw142PgvdTERHYcvmLb-e3c
WHY NOT COFFEE,10.7352957,106.70102329999999,"WHY NOT COFFEE, A99 Đ. Số 5, Khu dân cư Kim Sơn, Tân Hưng, Hồ Chí Minh, Việt Nam",Tân Phong,4.4,https://www.google.com/maps/place/?q=place_id:ChIJy62TDjkvdTERzQOXr0qttCI
"Cafe Ông Bầu KDC Kim Sơn,q7",10.7349906,106.7009303,"Cafe Ông Bầu KDC Kim Sơn,q7, 2 Đ. Số 3, Khu dân cư Kim Sơn, Tân Hưng, Hồ Chí Minh 700000, Việt Nam",Tân Phong,4.1,https://www.google.com/maps/place/?q=place_id:ChIJlZIi0pUvdTERtfk-L_g-59E
"11 đường số 40 ,p tân phong quận 7",10.7365032,106.710347,"11 đường số 40 ,p tân phong quận 7, 11 Đường số 40, Khu dân cư An Phú Hưng, Tân Hưng, Hồ Chí Minh, Việt Nam",Tân Phong,,https://www.google.com/maps/place/?q=place_id:ChIJM430bAAvdTERHUV7xZAoJeI
Skymian Premium Coffee,10.7316126,106.7087111,"Skymian Premium Coffee, 48 Nội khu Hưng Phước 1, Khu đô thị Phú Mỹ Hưng, Tân Hưng, Hồ Chí Minh 700000, Việt Nam",Tân Phong,3.9,https://www.google.com/maps/place/?q=place_id:ChIJa0uVqQwvdTERdFA07l9YVVs
The Coffee House,10.7306309,106.7068662,"The Coffee House, Khu đô thị Phú Mỹ Hưng, Tân Hưng, Hồ Chí Minh 70000, Việt Nam",Tân Phong,4.3,https://www.google.com/maps/place/?q=place_id:ChIJe8UlaUMvdTERz9CbYD0fi6g
Rosé' S book Café & Tea,10.735472399999999,106.7020842,"Rosé' S book Café & Tea, 27 Đ. số 9, Khu dân cư Kim Sơn, Tân Hưng, Hồ Chí Minh 72915, Việt Nam",Tân Phong,5,https://www.google.com/maps/place/?q=place_id:ChIJ90AqVA0vdTERNRKyy_SSqXI
Booktree Book Cafe,10.7236412,106.70990259999999,"Booktree Book Cafe, R2-30 Lý Long Tường Tân Hung, ward, Phu my hung ( Trước, Tân Hưng, Hồ Chí Minh 70000, Việt Nam",Tân Phong,4.7,https://www.google.com/maps/place/?q=place_id:ChIJewLwy5IvdTERD6_1VMkCNsU
K COFFEE Phú Mỹ Hưng,10.7295786,106.7082769,"K COFFEE Phú Mỹ Hưng, 5 Hưng Phước 4, Khu đô thị Phú Mỹ Hưng, Tân Hưng, Hồ Chí Minh, Việt Nam",Tân Phong,4.5,https://www.google.com/maps/place/?q=place_id:ChIJGWf8feYvdTERsFF01kidqXs
Cafe Shining Glory,10.722278,106.712519,"Cafe Shining Glory, Garden Plaza 1, Khu đô thị Phú Mỹ Hưng, Tân Hưng, Hồ Chí Minh, Việt Nam",Tân Phong,4.1,https://www.google.com/maps/place/?q=place_id:ChIJMX0Yu_IvdTERmbLInjZKPak
Cafe cóc quận 7,10.7258344,106.7106621,"Cafe cóc quận 7, 15 Nguyễn Bính, Khu đô thị Phú Mỹ Hưng, Tân Hưng, Hồ Chí Minh, Việt Nam",Tân Phong,3,https://www.google.com/maps/place/?q=place_id:ChIJAfgCoDcvdTERxKiGcENUpMw
HAYO Coffee & Crepes,10.7319936,106.70886,"HAYO Coffee & Crepes, 40 Cao Triều Phát, Khu đô thị Phú Mỹ Hưng, Tân Hưng, Hồ Chí Minh, Việt Nam",Tân Phong,4.5,https://www.google.com/maps/place/?q=place_id:ChIJ12IOsvgvdTERbSNj3OfpwG8
Cafe Góc Phố,10.730846999999999,106.7011543,"Cafe Góc Phố, 266/6C Đường Số 14, Tân Hưng, Hồ Chí Minh, Việt Nam",Tân Phong,4.1,https://www.google.com/maps/place/?q=place_id:ChIJi_vQPpYvdTERRLwCd4QAWHI
Cafe Nè,10.7269519,106.71239369999999,"Cafe Nè, Nguyễn Cao (Nam, Khu đô thị Phú Mỹ Hưng, Tân Hưng, Hồ Chí Minh, Việt Nam",Tân Phong,4.3,https://www.google.com/maps/place/?q=place_id:ChIJWxB_ko0vdTERnLRqu4lB-f0
Phuc Long Coffee & Tea,10.7296818,106.7068493,"Phuc Long Coffee & Tea, 34 Đ. Phạm Văn Nghị, Khu đô thị Phú Mỹ Hưng, Tân Hưng, Hồ Chí Minh, Việt Nam",Tân Phong,4.1,https://www.google.com/maps/place/?q=place_id:ChIJpzogxrsvdTERVu3X7OwpgPo
5050 Coffee Tea - Phú Mỹ Hưng,10.7267002,106.7121009,"5050 Coffee Tea - Phú Mỹ Hưng, 68 Đ. Hà Huy Tập, Khu đô thị Phú Mỹ Hưng, Tân Hưng, Hồ Chí Minh 72915, Việt Nam",Tân Phong,4.3,https://www.google.com/maps/place/?q=place_id:ChIJabH9VQIvdTERY3bU3xAMk_I
Cà Rề cafe Q7,10.7418628,106.7177067,"Cà Rề cafe Q7, 21 Số 47, Tân Thuận, Hồ Chí Minh, Việt Nam",Tân Quy,4.6,https://www.google.com/maps/place/?q=place_id:ChIJBcVgUt8vdTERvwQF0I920R4
Cà Phê Sân Vườn Du Mục,10.7436007,106.7157034,"Cà Phê Sân Vườn Du Mục, 134 Đ. Lâm Văn Bền, Tân Hưng, Hồ Chí Minh, Việt Nam",Tân Quy,4,https://www.google.com/maps/place/?q=place_id:ChIJTzZ9aoIvdTER0fc5Rj6Hl_g
HAUSE cafe,10.7405941,106.7143856,"HAUSE cafe, 109 Đường số 53, Tân Hưng, Hồ Chí Minh, Việt Nam",Tân Quy,4.6,https://www.google.com/maps/place/?q=place_id:ChIJyYn2HgAvdTERN_rOSm9wdV0
Cafe Góc Nắng,10.741940999999999,106.71359059999999,"PPR7+QCG Cafe Góc Nắng, Tân Hưng, Hồ Chí Minh, Việt Nam",Tân Quy,4,https://www.google.com/maps/place/?q=place_id:ChIJ4RwcG4MvdTERwtOFDSHe5R4
Raum Brunch Cafe,10.723896,106.7290105,"Raum Brunch Cafe, 27 Đường số 16, Khu đô thị Phú Mỹ Hưng, Tân Mỹ, Hồ Chí Minh, Việt Nam",Tân Quy,4.4,https://www.google.com/maps/place/?q=place_id:ChIJf5dULuwldTERhbtf7fImTZo
Laam cafe,10.7214262,106.72725129999999,"Laam cafe, 59 Đường Số 17, Khu đô thị Phú Mỹ Hưng, Tân Mỹ, Hồ Chí Minh, Việt Nam",Tân Quy,4.8,https://www.google.com/maps/place/?q=place_id:ChIJ6_WUZNQldTERP0f8XLnywZI
Bluu Kopi,10.7514635,106.7074773,"Bluu Kopi, 465/2 Đ. Trần Xuân Soạn, Tân Hưng, Hồ Chí Minh 700000, Việt Nam",Tân Quy,5,https://www.google.com/maps/place/?q=place_id:ChIJizEaGFEvdTER_3Z91r-EPAs
"94/1 Lâm Văn Bền, phường Tân Kiểng, quận 7",10.7465478,106.715496,"PPW8+J59 94/1 Lâm Văn Bền, phường Tân Kiểng, quận 7, Tân Hưng, Hồ Chí Minh, Việt Nam",Tân Kiểng,4.8,https://www.google.com/maps/place/?q=place_id:ChIJ441VafEvdTERiqcW69A_TKQ
MỘT 05 KAFE,10.747323999999999,106.706948,"MỘT 05 KAFE, 105 Phan Huy Thực, Tân Hưng, Hồ Chí Minh, Việt Nam",Tân Kiểng,4.6,https://www.google.com/maps/place/?q=place_id:ChIJucDmVF4vdTER4H1RV6mJiAg
LA COFFEE,10.7423197,106.7135598,"LA COFFEE, 136D Mai Văn Vĩnh, Tân Hưng, Hồ Chí Minh 72913, Việt Nam",Tân Kiểng,4.9,https://www.google.com/maps/place/?q=place_id:ChIJE0mtBsAvdTER2RIEmB-doWE
SOFÉ,10.7393717,106.694896,"PMQV+RX4 SOFÉ, Đ. Trần Xuân Soạn, Tân Hưng, Hồ Chí Minh, Việt Nam",Tân Kiểng,4.4,https://www.google.com/maps/place/?q=place_id:ChIJ-bkJXgAvdTERryFkef1jOO0
Tiệm cà phê - giải khát An Sài Gòn,10.7459078,106.70998859999999,"Tiệm cà phê - giải khát An Sài Gòn, 36 Số 10, Tân Hưng, Hồ Chí Minh, Việt Nam",Tân Kiểng,4.6,https://www.google.com/maps/place/?q=place_id:ChIJ9zqbBvQvdTERjY2QVIM51Ck
"WOWTEA Q7 - Milo Dầm, Trà Sữa & Cà Phê",10.7449233,106.7054521,"WOWTEA Q7 - Milo Dầm, Trà Sữa & Cà Phê, Số 6 Đường Số 15, Tân Hưng, Hồ Chí Minh 70000, Việt Nam",Tân Kiểng,4.5,https://www.google.com/maps/place/?q=place_id:ChIJ56t9oPkvdTERl0hNcZ7OYZo
Cà phê Cối Đá,10.741136599999999,106.6985837,"Cà phê Cối Đá, 24 Đ. Số 3, khu phố 16, Tân Hưng, Hồ Chí Minh 70000, Việt Nam",Tân Kiểng,4.1,https://www.google.com/maps/place/?q=place_id:ChIJn5W0AXcvdTERZt6i98vAmVI
LA COFFEE CN2,10.747828,106.7095762,"LA COFFEE CN2, 15 Số 3, Phường, Tân Hưng, Hồ Chí Minh 00700, Việt Nam",Tân Kiểng,4.7,https://www.google.com/maps/place/?q=place_id:ChIJEbMU3TUvdTERFPLclgNq3LM
Day In Cafe & Brunch,10.723054,106.7157649,"Day In Cafe & Brunch, Đ. Tôn Dật Tiên, Khu đô thị Phú Mỹ Hưng, Tân Hưng, Hồ Chí Minh 700000, Việt Nam",Tân Kiểng,4.6,https://www.google.com/maps/place/?q=place_id:ChIJ81RJRQAvdTERxigpO4csWwg
MOLO Coffee - Tân Kiểng,10.745995299999999,106.70558729999999,"MOLO Coffee - Tân Kiểng, 2 Số 63, Tân Hưng, Hồ Chí Minh, Việt Nam",Tân Kiểng,4.1,https://www.google.com/maps/place/?q=place_id:ChIJtQxdARcvdTERfPQMyD-CmAk
MoliCoffee,10.7467665,106.7088421,"MoliCoffee, 39 Đ. số 9, Tân Hưng, Hồ Chí Minh, Việt Nam",Tân Kiểng,4.1,https://www.google.com/maps/place/?q=place_id:ChIJP_AlT7gvdTERAMcLVsu4eo4
"TRÀ SỮA TUTIMI - 26 Đường Số 17, P. Tân Kiểng, Q.7",10.7450298,106.71323969999999,"TRÀ SỮA TUTIMI - 26 Đường Số 17, P. Tân Kiểng, Q.7, 26 Số 17, Tân Hưng, Hồ Chí Minh, Việt Nam",Tân Kiểng,4.6,https://www.google.com/maps/place/?q=place_id:ChIJI3CfbgAvdTERjINfjFTiSPo
Lộ Thiên Quán,10.7442291,106.71376169999999,"Lộ Thiên Quán, 73 Đ. Số 37, Tân Hưng, Hồ Chí Minh, Việt Nam",Tân Kiểng,4.5,https://www.google.com/maps/place/?q=place_id:ChIJeVaKpZ4vdTERbEwcq87Opkg
Work'in Jungle Cafe,10.7464839,106.704464,"Work'in Jungle Cafe, 194 Lê Văn Lương, Tân Hưng, Hồ Chí Minh, Việt Nam",Tân Kiểng,4.8,https://www.google.com/maps/place/?q=place_id:ChIJjW4eXQAvdTERgmgOIG0ey6k
Lạc cafe,10.747861,106.70861649999999,"Lạc cafe, 41 Số 3, Tân Hưng, Hồ Chí Minh, Việt Nam",Tân Kiểng,4.5,https://www.google.com/maps/place/?q=place_id:ChIJIx7Jq4EvdTERlG0NhV-ENeA
Coffee - Beer 112,10.746779499999999,106.706069,"Coffee - Beer 112, 123 Đ. Số 4, Tân Hưng, Hồ Chí Minh, Việt Nam",Tân Kiểng,4.8,https://www.google.com/maps/place/?q=place_id:ChIJz0B1geYvdTERwF3as1wggKo
Tiệm trà AIYU - Quận 7,10.7470688,106.7065945,"Tiệm trà AIYU - Quận 7, 102 Đường Số 7, Khu Phố 2, Tân Hưng, Hồ Chí Minh, Việt Nam",Tân Kiểng,5,https://www.google.com/maps/place/?q=place_id:ChIJA1vGTgAvdTERlPEExkbpzMc
CRANE TEA ĐƯỜNG SỐ 17,10.7450356,106.71249549999999,"CRANE TEA ĐƯỜNG SỐ 17, 74 Số 17, Tân Hưng, Hồ Chí Minh 72900, Việt Nam",Tân Kiểng,4.2,https://www.google.com/maps/place/?q=place_id:ChIJScHh_lIvdTERFvO8Rt3tE2k
Ú Cà Phê Kokeshi | Coffee vintage quận 7 | Cafe vintage Lâm Văn Bền,10.741525399999999,106.71706669999999,"Ú Cà Phê Kokeshi | Coffee vintage quận 7 | Cafe vintage Lâm Văn Bền, 15 Số 49, Tân Thuận, Hồ Chí Minh, Việt Nam",Tân Thuận Đông,4.3,https://www.google.com/maps/place/?q=place_id:ChIJ1ZRN61kvdTERov_EdXdXFps
GUTA CAFE - TTC Quận 7,10.7537034,106.7313858,"GUTA CAFE - TTC Quận 7, Tân Thuận, Hồ Chí Minh 70000, Việt Nam",Tân Thuận Đông,4.7,https://www.google.com/maps/place/?q=place_id:ChIJuZtDCgAldTERSD9lGsbov3Y
"69 Trần trọng Cung, Tân Thuận Đông, quận 7, HCM",10.7438997,106.7322957,"69 Trần trọng Cung, Tân Thuận Đông, quận 7, HCM, 69 Trần Trọng Cung, Tân Thuận, Hồ Chí Minh 70000, Việt Nam",Tân Thuận Đông,5,https://www.google.com/maps/place/?q=place_id:ChIJYw0ojfsldTERp68_hdRO9Qs
CÀ PHÊ PHI LONG QUẬN 7,10.744099,106.72960859999999,"CÀ PHÊ PHI LONG QUẬN 7, 517 Huỳnh Tấn Phát, Tân Thuận, Hồ Chí Minh, Việt Nam",Tân Thuận Đông,4.2,https://www.google.com/maps/place/?q=place_id:ChIJuTizovwldTERxb8TT6KZFFw
"Cà phê ChangGi Số 2 trần trọng cung, p tân thuận đông q7",10.743613,106.7302466,"Cà phê ChangGi Số 2 trần trọng cung, p tân thuận đông q7, 2 Trần Trọng Cung, Street, Tân Thuận, Hồ Chí Minh, Việt Nam",Tân Thuận Đông,5,https://www.google.com/maps/place/?q=place_id:ChIJ3zv5GgAldTERxcE4FIqd1wI
GEM COFFEE Q7,10.7385535,106.7300819,"GEM COFFEE Q7, 530 Huỳnh Tấn Phát, Tân Thuận, Hồ Chí Minh 700000, Việt Nam",Tân Thuận Đông,4.4,https://www.google.com/maps/place/?q=place_id:ChIJ3R2U_7wldTERMhGPbsfc5lU
Lekofe - Chi nhánh quận 7,10.7369313,106.7310809,"Lekofe - Chi nhánh quận 7, C1 Nguyễn Văn Quỳ, KP1, Phú Thuận, Hồ Chí Minh, Việt Nam",Tân Thuận Đông,4.2,https://www.google.com/maps/place/?q=place_id:ChIJTQVpU_0ldTERJDvQk42jnZU
"Caffe NÂU ĐÁ Phú Thuận, Quận 7",10.7315423,106.73555429999999,"Caffe NÂU ĐÁ Phú Thuận, Quận 7, Đ. Phú Thuận, Phú Thuận, Hồ Chí Minh, Việt Nam",Tân Thuận Đông,4.5,https://www.google.com/maps/place/?q=place_id:ChIJneBoy3UldTER43m_bfrqp34
Phố Coffee,10.738052699999999,106.73080399999999,"Phố Coffee, 3 Nguyễn Văn Quỳ, Tân Thuận Đông, Quận 7 Tân Thuận Đông Quận 7 Hồ Chí Minh, Tân Thuận, Hồ Chí Minh, Việt Nam",Tân Thuận Đông,3.8,https://www.google.com/maps/place/?q=place_id:ChIJ49GywnsldTERclx51lrUuXo
Cà phê võng Mỹ Thuận quận 7,10.7424552,106.7357933,"Cà phê võng Mỹ Thuận quận 7, 123 Nguyễn Văn Quỳ, Tân Thuận, Hồ Chí Minh 700000, Việt Nam",Tân Thuận Đông,5,https://www.google.com/maps/place/?q=place_id:ChIJQztMoCkldTER0hqxWjDgkcU
Good Karma coffee,10.7505808,106.72510899999999,"Good Karma coffee, 308 đường D4, Khu cư dân Ecogreen, Quận 7, Hồ Chí Minh 700000, Việt Nam",Tân Thuận Tây,5,https://www.google.com/maps/place/?q=place_id:ChIJM1l1EAAldTERGb_2vt1oqWo
Cà Phê Thủy Tiên,10.751194,106.7284143,"Cà Phê Thủy Tiên, Huỳnh Tấn Phát/308 Tân Thuận Tây, Tân Thuận, Hồ Chí Minh 700000, Việt Nam",Tân Thuận Tây,3.7,https://www.google.com/maps/place/?q=place_id:ChIJQab1kIYldTERvhwTAHA9tX4
Cafe Bon Sai,10.749315399999999,106.7259878,"PPXG+P9H Cafe Bon Sai, Đ. N1 Tân Thuận Tây, Tân Thuận, Hồ Chí Minh, Việt Nam",Tân Thuận Tây,4.1,https://www.google.com/maps/place/?q=place_id:ChIJs3R01IAldTERpN3L972m-10
Cafe Forest,10.731626499999999,106.7060479,"Cafe Forest Sky Garden 2, 1016/36, lô/2 Đ. Phạm Văn Nghị, Tân Hưng, Hồ Chí Minh, Việt Nam",Tân Thuận Tây,4.6,https://www.google.com/maps/place/?q=place_id:ChIJ6cL6ZtkvdTERFI5pV9DaJjQ
Quán Cà Phê - Từ Tây Nguyên,10.7308471,106.73305839999999,"Quán Cà Phê - Từ Tây Nguyên, 22 Đ. Phú Thuận, Phú Thuận, Hồ Chí Minh, Việt Nam",Tân Thuận Tây,4.9,https://www.google.com/maps/place/?q=place_id:ChIJm-w9IfAldTERjOh8aofZVbw
Cà Phê Chất - Hoàn Cầu,10.7495333,106.72593289999999,"Cà Phê Chất - Hoàn Cầu, 42D7 Tân Thuận Tây, Tân Thuận, Hồ Chí Minh 60000, Việt Nam",Tân Thuận Tây,3.7,https://www.google.com/maps/place/?q=place_id:ChIJJe4X1YAldTERL4vrQMoeBhU
ECO 68 COFFEE,10.7493801,106.72616119999999,"ECO 68 COFFEE, 39 Tân Thuận Tây, Tân Thuận, Hồ Chí Minh 070021, Việt Nam",Tân Thuận Tây,,https://www.google.com/maps/place/?q=place_id:ChIJ306cWbgldTERqdm-NmueaeI
Xanh Coffee Him Lam,10.741053299999999,106.6987941,"Xanh Coffee Him Lam, 46 Nguyễn Thị Thập, P. Phú Thuận, Tân Hưng, Hồ Chí Minh, Việt Nam",Bình Thuận,3.2,https://www.google.com/maps/place/?q=place_id:ChIJO-8P_-gvdTERsiHMsKdUi3k
Highlands Coffee,10.7356873,106.7308405,"Highlands Coffee, 721 Huỳnh Tấn Phát, Phú Thuận, Hồ Chí Minh, Việt Nam",Bình Thuận,4,https://www.google.com/maps/place/?q=place_id:ChIJzb3VcrYldTERQ6DhkrS3hLY
Trung Nguyên Legend Café,10.743869199999999,106.6980603,"Trung Nguyên Legend Café, F1 Đ. 3A, Khu đô thị Him Lam, Tân Hưng, Hồ Chí Minh 70000, Việt Nam",Bình Thuận,3.9,https://www.google.com/maps/place/?q=place_id:ChIJh57qRRovdTER0CEP7qeEneI
Mây Farm Quận 7,10.70772,106.74046919999999,"Mây Farm Quận 7, 77/50/9 Đường Chuyên Dùng Chính, Phú Thuận, Hồ Chí Minh 700000, Việt Nam",Tân Phú,4.5,https://www.google.com/maps/place/?q=place_id:ChIJG55wriwldTERVnFo-vsbA1s
NAVIDO Specialty Coffee - Nam Quang 1,10.7236683,106.7094041,"NAVIDO Specialty Coffee - Nam Quang 1, 23 Khu Phố Nam Quang 1, Khu đô thị Phú Mỹ Hưng, Tân Hưng, Hồ Chí Minh, Việt Nam",Tân Phú,4.6,https://www.google.com/maps/place/?q=place_id:ChIJ1Yz8oo4vdTERMWCYIjp75Mc
SIGNATURE By The Coffee House,10.7295194,106.71883489999999,"SIGNATURE By The Coffee House, 101 Đ. Tôn Dật Tiên, Khu đô thị Phú Mỹ Hưng, Tân Mỹ, Hồ Chí Minh, Việt Nam",Tân Phú,4.4,https://www.google.com/maps/place/?q=place_id:ChIJoSe8xkMvdTERRKC9H2gpQc8
Hochi Cafe,10.7243937,106.7277273,"Hochi Cafe, 43 Đ. Số 15, Khu đô thị Phú Mỹ Hưng, Tân Mỹ, Hồ Chí Minh, Việt Nam",Phú Mỹ,4.6,https://www.google.com/maps/place/?q=place_id:ChIJk8qFZOUldTERcbwPHDZK9n4
Q7 Coffee & Tea,10.7160677,106.7395085,"Q7 Coffee & Tea, E5 Khu Dân Cư Vạn Phát Hưng, P, Phú Thuận, Hồ Chí Minh, Việt Nam",Phú Mỹ,4.2,https://www.google.com/maps/place/?q=place_id:ChIJq90-ZQYldTERLbNtRJcD6Do
HOTTO Coffee & Hotteok,10.7360727,106.7177888,"HOTTO Coffee & Hotteok, 94 Đ. số 9, Quận 7, Hồ Chí Minh, Việt Nam",Phú Mỹ,4.7,https://www.google.com/maps/place/?q=place_id:ChIJPZkVPwAvdTERmGDD1qyKU3k
WALYA COFFEE Phú Mỹ,10.7133723,106.73174739999999,"WALYA COFFEE Phú Mỹ, Đường Hoàng Quốc Việt, Tân Mỹ, Hồ Chí Minh 700000, Việt Nam",Phú Mỹ,4.6,https://www.google.com/maps/place/?q=place_id:ChIJY56GlH4ldTER3YYXOZswgrE
Ravie Café Boutique,10.7218836,106.713357,"Ravie Café Boutique, 189-191 Ton Dat Tien, Panorama, Phu My Hung, Tân Hưng, Hồ Chí Minh 700000, Việt Nam",Phú Mỹ,4.8,https://www.google.com/maps/place/?q=place_id:ChIJJwS_THQvdTERdx9J3exI1m8
Laluna Cafe & Brunch - Midtown,10.721948699999999,106.7281527,"Laluna Cafe & Brunch - Midtown, 27 Đường Số 17, Khu đô thị Phú Mỹ Hưng, Tân Mỹ, Hồ Chí Minh, Việt Nam",Phú Mỹ,4.9,https://www.google.com/maps/place/?q=place_id:ChIJQbSCVgAldTER-acOuPC8JPs
The Cup- American Food & Desserts (formerly Master’s Cup),10.7261892,106.7108638,"The Cup- American Food & Desserts (formerly Master’s Cup), 43 Đ. Hà Huy Tập, Khu đô thị Phú Mỹ Hưng, Tân Hưng, Hồ Chí Minh, Việt Nam",Phú Mỹ,4.6,https://www.google.com/maps/place/?q=place_id:ChIJeX1s4_IvdTERKZRLuMufrUQ
Nguyên Garden Coffee & Tea,10.7273838,106.7342597,"Nguyên Garden Coffee & Tea, 30/8, Huỳnh Tấn Phát, P, Phú Thuận, Hồ Chí Minh, Việt Nam",Phú Thuận,4.7,https://www.google.com/maps/place/?q=place_id:ChIJ-Z5OMAAldTEREKlWqYUg-yw
The Sis Cafe,10.7373572,106.73116879999999,"The Sis Cafe, 1F Nguyễn Văn Quỳ, Phú Thuận, Hồ Chí Minh 70000, Việt Nam",Phú Thuận,4.3,https://www.google.com/maps/place/?q=place_id:ChIJq284I84ldTERfqMBNSxIgus
Luna Coffee,10.7318026,106.7379077,"Luna Coffee, 36 Đ. Phú Thuận, Khu Biệt thự Tấn Trường, Phú Thuận, Hồ Chí Minh 700000, Việt Nam",Phú Thuận,4.9,https://www.google.com/maps/place/?q=place_id:ChIJjX6ee8QldTERtt2t06Nk3Bg
Milk Coffee,10.727791,106.7331782,"Milk Coffee, 983 Huỳnh Tấn Phát, P, Phú Thuận, Hồ Chí Minh, Việt Nam",Phú Thuận,4.9,https://www.google.com/maps/place/?q=place_id:ChIJddhcHQA7dTERaFZrnEk809g
Neko Crème,10.722295599999999,106.7415534,"Neko Crème, Saigon Riverside Complex, Block C1 - Chung cư, 04 Đ. Đào Trí, Phú Thuận, Hồ Chí Minh 70000, Việt Nam",Phú Thuận,4.8,https://www.google.com/maps/place/?q=place_id:ChIJacqqN8QldTERRopfgtJydSU
Đèn Bầu Coffee,10.7307495,106.7315443,"Đèn Bầu Coffee, 2 Đ. Phú Thuận, Tân Mỹ, Hồ Chí Minh, Việt Nam",Phú Thuận,4.4,https://www.google.com/maps/place/?q=place_id:ChIJi7eP8GQldTERjQ9gVo7IREc
Tiệm cà phê Nhỏ Xíu,10.7354123,106.7324608,"Tiệm cà phê Nhỏ Xíu, 749/37 Huỳnh Tấn Phát, Phú Thuận, Hồ Chí Minh, Việt Nam",Phú Thuận,4.3,https://www.google.com/maps/place/?q=place_id:ChIJFbzp35cldTERvaKZK_HY8mE
Trung Nguyên E-Coffee (Lê Thị Chợ),10.716185399999999,106.7395679,"Trung Nguyên E-Coffee (Lê Thị Chợ), 74 KP4 Đ. Lê Thị Chợ, Phú Thuận, Hồ Chí Minh, Việt Nam",Phú Thuận,4.3,https://www.google.com/maps/place/?q=place_id:ChIJvYVoroAldTERspWv5yYwD64
BTWO Coffee & Tea,10.7161755,106.7370674,"BTWO Coffee & Tea, 1353 Huỳnh Tấn Phát, Phú Thuận, Hồ Chí Minh, Việt Nam",Phú Thuận,4.8,https://www.google.com/maps/place/?q=place_id:ChIJpTJZI4cldTEROKBN5ajtdBk
WALYA COFFEE CC SKYLINE,10.715693199999999,106.74122679999999,"WALYA COFFEE CC SKYLINE, 48 Đ. Lê Thị Chợ, Phú Thuận, Hồ Chí Minh 75000, Việt Nam",Phú Thuận,4.7,https://www.google.com/maps/place/?q=place_id:ChIJv75bu78ldTERjvClxfxAyvs
Express Cafe,10.723116899999999,106.73557509999999,"Express Cafe, 1159 Huỳnh Tấn Phát, Phú Thuận, Hồ Chí Minh, Việt Nam",Phú Thuận,5,https://www.google.com/maps/place/?q=place_id:ChIJeSKEBk8ldTERMCFqMgZ3DbM
CHANG Cafe,10.731721199999999,106.7350843,"CHANG Cafe, C1 Đường Cao Thị Chính, Phú Thuận, Hồ Chí Minh, Việt Nam",Phú Thuận,4.4,https://www.google.com/maps/place/?q=place_id:ChIJ-6F2ud0ldTERIq-9M5uWY6k
Caffè BEATO - Phú Thuận,10.7314625,106.73447039999999,"Caffè BEATO - Phú Thuận, 33 Đ. Phú Thuận, Phú Thuận, Hồ Chí Minh, Việt Nam",Phú Thuận,4,https://www.google.com/maps/place/?q=place_id:ChIJGUP_yG8ldTERZ6oMjWF1a9Y
Sinva Coffee,10.7358019,106.7328419,"Sinva Coffee, 51 Phạm Thị Ba, Phú Thuận, Hồ Chí Minh, Việt Nam",Phú Thuận,5,https://www.google.com/maps/place/?q=place_id:ChIJ_WyWQgAldTERLDDVVUwAhao
My House Coffee,10.7384223,106.7350118,"My House Coffee, 160/Lo C/01 Nguyễn Văn Quỳ, KDC Bộ công an, Phú Thuận, Hồ Chí Minh 70000, Việt Nam",Phú Thuận,4.3,https://www.google.com/maps/place/?q=place_id:ChIJLeIfgukldTERrqAXU02_z6o
The Cil Coffee,10.724052799999999,106.7350331,"The Cil Coffee, 1127 Huỳnh Tấn Phát, Phú Thuận, Hồ Chí Minh, Việt Nam",Phú Thuận,5,https://www.google.com/maps/place/?q=place_id:ChIJ3-0epF4ldTERgjLBjLMIP7I
NGUỒN CÀ PHÊ,10.7341067,106.7310177,"NGUỒN CÀ PHÊ, 771 Huỳnh Tấn Phát, Phú Thuận, Hồ Chí Minh 70000, Việt Nam",Phú Thuận,4.4,https://www.google.com/maps/place/?q=place_id:ChIJy7mIJ9IldTERx_Ztvvo4E0Q
74 lê thị chợ phường phú thuận quận 7,10.716211099999999,106.73953809999999,"74 lê thị chợ phường phú thuận quận 7, 74 Đ. Lê Thị Chợ, Phú Thuận, Hồ Chí Minh, Việt Nam",Phú Thuận,4.7,https://www.google.com/maps/place/?q=place_id:ChIJg2o2ewAldTERWI5WYdzqtQg
Cafe Nắng Gió,10.732237699999999,106.7379983,"PPJQ+V5X Cafe Nắng Gió, Đường Số 4 Khu Dân Cư Tân Trường, Khu Biệt thự Tấn Trường, Phú Thuận, Hồ Chí Minh, Việt Nam",Phú Thuận,4,https://www.google.com/maps/place/?q=place_id:ChIJKY3Y028ldTERsCd1r7wDQMA
Cafe ông Nhị,10.7310919,106.7348883,"Cafe ông Nhị, E43 Đường Cao Thị Chính, Phú Thuận, Hồ Chí Minh, Việt Nam",Phú Thuận,4.8,https://www.google.com/maps/place/?q=place_id:ChIJQwqezk8ldTERXuHkoF1RznM
Coffee InLove,10.731568699999999,106.7375076,"Coffee InLove, 35 Đ. Phú Thuận, Khu Biệt thự Tấn Trường, Phú Thuận, Hồ Chí Minh, Việt Nam",Phú Thuận,4.1,https://www.google.com/maps/place/?q=place_id:ChIJn811iYQldTERcF58ZCucSz0
Cafe Vườn Trúc,10.716393499999999,106.73970969999999,"PP8Q+HV4 Cafe Vườn Trúc, Phú Thuận, Hồ Chí Minh, Việt Nam",Phú Thuận,4.4,https://www.google.com/maps/place/?q=place_id:ChIJAYX482cldTERHPT4nrmxZno
Vietnam Car Care Coffee Shop,10.7315677,106.73902199999999,"Vietnam Car Care Coffee Shop, 1a Đ. Phú Thuận, Phú Thuận, Hồ Chí Minh 70000, Việt Nam",Phú Thuận,5,https://www.google.com/maps/place/?q=place_id:ChIJMbZHn98ldTERn8IcCYB5rl0
Đợi Chút - Tea & Coffee,10.7289145,106.73394959999999,"Đợi Chút - Tea & Coffee, 38 Gò Ô Môi, Phú Thuận, Hồ Chí Minh, Việt Nam",Phú Thuận,5,https://www.google.com/maps/place/?q=place_id:ChIJt16vSzkldTERzTFjsTw8UvI
B&B Coffee,10.7427117,106.74063179999999,"B&B Coffee, 344 Nguyễn Văn Quỳ, Phú Thuận, Hồ Chí Minh 700000, Việt Nam",Phú Thuận,4.7,https://www.google.com/maps/place/?q=place_id:ChIJ-0LKJrQldTERyOlOh_ySR3U
T.A cà phê,10.7313505,106.73642679999999,"PPJP+GHV T.A cà phê, Đ. Phú Thuận, Phú Thuận, Hồ Chí Minh, Việt Nam",Phú Thuận,4.4,https://www.google.com/maps/place/?q=place_id:ChIJHyuhBqcldTEREmbBR3o0ECk
Cafe Phố Nhỏ,10.739416499999999,106.73757789999999,"PPQQ+Q28 Cafe Phố Nhỏ, Phú Thuận, Hồ Chí Minh, Việt Nam",Phú Thuận,4,https://www.google.com/maps/place/?q=place_id:ChIJuxefIncldTERINsJ_92bF4U
B coffee,10.7318404,106.7317625,"B coffee, 853 Huỳnh Tấn Phát, Phú Thuận, Hồ Chí Minh, Việt Nam",Phú Thuận,5,https://www.google.com/maps/place/?q=place_id:ChIJ-XBDObcldTER79MNpORAD0s
