Name,Latitude,Longitude,Address,Categories,Rating,Google Maps URL
Phòng khám da liễu quận 7 uy tín - Pro Skin,10.737726199999999,106.7064573,"Phòng khám da liễu quận 7 uy tín - Pro Skin, 50 Đ. Số 65, Khu định cư Tân Quy Đông, Tân Hưng, Hồ Chí Minh 70000, Việt Nam",Phòng khám,4.7,https://www.google.com/maps/place/?q=place_id:ChIJ8YhafmwvdTERqnb3sW8dXmQ
Aura Clinic Q7,10.7331836,106.70827369999999,"Aura Clinic Q7, 96 Bùi Bằng Đoàn, Khu đô thị Phú Mỹ Hưng, Tân Hưng, Hồ Chí Minh 700000, Việt Nam","Phòng khám, Dịch vụ thẩm mỹ, Spa",4.6,https://www.google.com/maps/place/?q=place_id:ChIJa9Yo9JAvdTERMuGdEEqPp5A
Phòng khám nhi KinderHealth - Quận 7,10.731874699999999,106.7088574,"Phòng khám nhi KinderHealth - Quận 7, 37 Cao Triều Phát, Khu đô thị Phú Mỹ Hưng, Tân Hưng, Hồ Chí Minh 700000, Việt Nam","Phòng khám nhi khoa, Trung tâm chăm sóc sức khỏe trẻ em, Bác sĩ da liễu nhi, Bác sĩ hô hấp nhi, Bác sĩ khoa nhi",4.8,https://www.google.com/maps/place/?q=place_id:ChIJAzI82ycldTERf8JkKfu5W-o
Phòng khám CarePlus Quận 7,10.727508799999999,106.7202614,"Phòng khám CarePlus Quận 7, Level 2, Crescent Plaza, 105 Ton Dat Tien, Tan Phu Ward, Vietnam, 105 Đ. Tôn Dật Tiên, Tân Mỹ, Hồ Chí Minh, Việt Nam",Phòng khám,4,https://www.google.com/maps/place/?q=place_id:ChIJ8biEzosvdTER8CPCV41JTf0
Phòng Khám Đa Khoa Quốc Tế Sài Gòn (SIG) - Quận 7,10.737843999999999,106.7033359,"Phòng Khám Đa Khoa Quốc Tế Sài Gòn (SIG) - Quận 7, 441 Lê Văn Lương, Tân Hưng, Hồ Chí Minh 700000, Việt Nam","Trung tâm y tế, Phòng khám nha khoa, Nha sĩ, Bác sĩ chuyên khoa tiêu hóa, Phòng thí nghiệm y học, Bác sĩ nhãn khoa, Phòng khám mắt, Bác sĩ chuyên khoa tai mũi họng, Phòng khám tai mũi họng, Hiệu thuốc",4.9,https://www.google.com/maps/place/?q=place_id:ChIJ0bN1uJMvdTERhQb89oHGaCM
Viện Thẩm Mỹ Hàn Quốc - CYL Quận 7 (CYL Clinic),10.7302533,106.70814089999999,"Viện Thẩm Mỹ Hàn Quốc - CYL Quận 7 (CYL Clinic), 42-44 Đ. số 6, Khu đô thị Phú Mỹ Hưng, Tân Hưng, Hồ Chí Minh 700000, Việt Nam","Phòng khám, Cửa hàng mỹ phẩm, Cửa hàng bán thuốc",5,https://www.google.com/maps/place/?q=place_id:ChIJe5_vdzUvdTERtuBdwc05XT0
Lotus Clinic Ob-Gyn-Phòng khám chuyên Sản Phụ Khoa Hoa Sen Quận 7,10.7391965,106.6982797,"Lotus Clinic Ob-Gyn-Phòng khám chuyên Sản Phụ Khoa Hoa Sen Quận 7, 36 Đ. Số 3, KDC Him Lam, Tân Hưng, Hồ Chí Minh, Việt Nam","Phòng khám bệnh lây truyền qua đường tình dục, Phòng khám phụ khoa",4.5,https://www.google.com/maps/place/?q=place_id:ChIJQS8F-9ovdTEROs_EYyx2BrI
Phòng khám Quốc tế Victoria Healthcare,10.7294591,106.7046965,"Phòng khám Quốc tế Victoria Healthcare, Sky Garden 1, 1056 Đường Nguyễn Văn Linh, Tân Hưng, Hồ Chí Minh 70000, Việt Nam",Phòng khám,4.7,https://www.google.com/maps/place/?q=place_id:ChIJTajIfMoodTERvZIHOjq3I-w
Phòng khám Đa khoa Tâm Anh Quận 7,10.7413401,106.7006105,"Phòng khám Đa khoa Tâm Anh Quận 7, 25 Nguyễn Hữu Thọ, Khu đô thị Sunrise City, Tân Hưng, Hồ Chí Minh 72910, Việt Nam",Phòng khám,4,https://www.google.com/maps/place/?q=place_id:ChIJx_e6E4gvdTERfG7q_upQpmo
Trạm Y tế phường Tân Phong,10.729365099999999,106.7102733,"Trạm Y tế phường Tân Phong, 01 Đặng Đại Độ, Khu đô thị Phú Mỹ Hưng, Tân Hưng, Hồ Chí Minh, Việt Nam",Trung tâm y tế,2.8,https://www.google.com/maps/place/?q=place_id:ChIJb3608pEvdTERQ4f_dyQX0GE
Viện Chăm Sóc Sức Khoẻ & Sắc Đẹp Việt,10.7368173,106.710691,"Viện Chăm Sóc Sức Khoẻ & Sắc Đẹp Việt, 84 - 86 Đường số 41, Khu dân cư An Phú Hưng, Tân Hưng, Hồ Chí Minh 756600, Việt Nam","Cơ sở nắn xương khớp, Spa sức khỏe, Phòng khám vật lý trị liệu",4.9,https://www.google.com/maps/place/?q=place_id:ChIJPyqQzyEvdTERHZeNCOGDIWs
Nha Khoa Eden Quận 7 - Eden Dental Clinic D7,10.7379711,106.7194538,"Nha Khoa Eden Quận 7 - Eden Dental Clinic D7, 171 Nguyễn Thị Thập, P, Tân Mỹ, Hồ Chí Minh 70000, Việt Nam",Phòng khám nha khoa,5,https://www.google.com/maps/place/?q=place_id:ChIJL3fQ3IYvdTERCnGGPDrGRkU
Phòng Khám Chuyên Khoa Da Liễu Quận 7,10.7431401,106.7135787,"Phòng Khám Chuyên Khoa Da Liễu Quận 7, 1 Mai Văn Vĩnh, Tân Hưng, Hồ Chí Minh 70000, Việt Nam",Phòng khám chuyên khoa,4,https://www.google.com/maps/place/?q=place_id:ChIJowXq5oIvdTER9sJv-yD6aNg
Phòng Khám Da Liễu Thẩm Mỹ Quận 7 - Citrine Derma Clinic,10.729282,106.7270047,"Phòng Khám Da Liễu Thẩm Mỹ Quận 7 - Citrine Derma Clinic, 6 - 8 Raymondienne, Khu đô thị Phú Mỹ Hưng, Quận 7, Hồ Chí Minh, Việt Nam","Phòng khám chuyên khoa, Bác sĩ da liễu, Dịch vụ thẩm mỹ",4.9,https://www.google.com/maps/place/?q=place_id:ChIJ8RHhkboldTERtVPboTJxv70
Phòng Khám Đông Y Tuệ Vũ - Chi Nhánh Phường Tân Hưng (Quận 7),10.7368068,106.7107607,"Phòng Khám Đông Y Tuệ Vũ - Chi Nhánh Phường Tân Hưng (Quận 7), 84-86 Đường số 41, Khu dân cư An Phú Hưng, Tân Hưng, Hồ Chí Minh 70000, Việt Nam","Cơ sở nắn xương khớp, Bác sĩ trị liệu xoa bóp, Vật lý trị liệu, Phòng khám vật lý trị liệu",5,https://www.google.com/maps/place/?q=place_id:ChIJb_iSMUQvdTER33Oeh8oHXg0
Phòng Khám Maple Healthcare - Chiropractic Quận 7,10.733471999999999,106.71018289999999,"Phòng Khám Maple Healthcare - Chiropractic Quận 7, 2-4 Nội Khu Phố Hưng Gia 1, Khu đô thị Phú Mỹ Hưng, Tân Hưng, Hồ Chí Minh 70000, Việt Nam",Người chữa bệnh bằng phương pháp nắn khớp xương,4.8,https://www.google.com/maps/place/?q=place_id:ChIJ0VIFkogvdTERmCSvOhbiIWQ
Thẩm Mỹ Viện Linh Anh - Quận 7,10.739162799999999,106.70729089999999,"Thẩm Mỹ Viện Linh Anh - Quận 7, 515 Nguyễn Thị Thập, Tân Hưng, Hồ Chí Minh 70000, Việt Nam","Thẩm mỹ viện, Dịch vụ thẩm mỹ, Spa mặt, Cơ sở chăm sóc da, Spa",4.9,https://www.google.com/maps/place/?q=place_id:ChIJN09W_IYpdTERiLA9OavtOBA
Nha khoa Tấm Dentist Quận 7,10.7391854,106.7074172,"Nha khoa Tấm Dentist Quận 7, 513 Nguyễn Thị Thập, Khu định cư Tân Quy Đông, Tân Hưng, Hồ Chí Minh, Việt Nam","Phòng khám nha khoa, Chuyên viên vệ sinh nha khoa, Bác sĩ chỉnh răng",4.8,https://www.google.com/maps/place/?q=place_id:ChIJjawLQ8MvdTERtnrFin-IYZg
Phòng Khám Nhi - Sơ sinh Quận 7 (Bác sĩ Nguyễn Phạm Minh Trí - Bệnh viện Nhi Đồng 2),10.7444369,106.7133461,"Phòng Khám Nhi - Sơ sinh Quận 7 (Bác sĩ Nguyễn Phạm Minh Trí - Bệnh viện Nhi Đồng 2), 76 Đ. Số 37, Tân Hưng, Hồ Chí Minh, Việt Nam","Bác sĩ khoa nhi, Trung tâm chăm sóc sức khỏe trẻ em, Bác sĩ, Nhà tư vấn sức khỏe, Phòng khám, Phòng mạch y tế, Bác sĩ sơ sinh, Trung tâm chăm sóc sức khỏe",4.8,https://www.google.com/maps/place/?q=place_id:ChIJ88jem4IvdTER5R3ZLENgPkI
Lam Premier Quận 7,10.739412999999999,106.70593099999999,"Lam Premier Quận 7, 543 Nguyễn Thị Thập, Tân Hưng, Hồ Chí Minh 70000, Việt Nam",Cơ sở chăm sóc da,4.5,https://www.google.com/maps/place/?q=place_id:ChIJKawaXg4vdTERRJ3aGhKiVPY
"Spa Peel Da, Trị Mụn Quận 7 - Haxu Beauty Clinic",10.7398086,106.71274109999999,"Spa Peel Da, Trị Mụn Quận 7 - Haxu Beauty Clinic, 2a Đường số 79, Tân Hưng, Hồ Chí Minh, Việt Nam","Spa, Spa mặt, Cơ sở chăm sóc da",5,https://www.google.com/maps/place/?q=place_id:ChIJQVfOn1dR3owRVr8t7CRK3EQ
LA GRACE Anti-Aging & Beauty Clinic,10.7265416,106.7076673,"Việt Nam, Hồ Chí Minh, Tân Hưng, Khu đô thị Phú Mỹ Hưng, Đ. Hà Huy Tập, LA GRACE Anti-Aging & Beauty Clinic",Trung tâm y tế,5,https://www.google.com/maps/place/?q=place_id:ChIJYWjmCigvdTERegt4D0xqXJU
"Nha Khoa Kim - 493 Nguyễn Thị Thập, Quận 7",10.7390442,106.70855069999999,"Nha Khoa Kim - 493 Nguyễn Thị Thập, Quận 7, 493 Nguyễn Thị Thập, P, Tân Hưng, Hồ Chí Minh 70000, Việt Nam","Phòng khám nha khoa, Nha sĩ chỉnh hình răng, Nha sĩ, Nha sĩ nhi khoa, Nha sĩ phục hình răng",4.6,https://www.google.com/maps/place/?q=place_id:ChIJq_bxTaAvdTERlkQe583iQBM
Phòng Khám Bác Sĩ Vũ Minh Đức (Golden Care Clinic),10.740879699999999,106.69918919999999,"Phòng Khám Bác Sĩ Vũ Minh Đức (Golden Care Clinic), 28 Nguyễn Thị Thập, Khu đô thị Him Lam, Tân Hưng, Hồ Chí Minh, Việt Nam","Phòng khám, Bệnh viện",4.3,https://www.google.com/maps/place/?q=place_id:ChIJBYtR-qEvdTERkZ4CMm_bL-Q
Nha khoa Lan Anh,10.7266146,106.70948829999999,"Nha khoa Lan Anh, 130 Đ. Hà Huy Tập, Khu đô thị Phú Mỹ Hưng, Tân Hưng, Hồ Chí Minh 700000, Việt Nam",Phòng khám nha khoa,4.9,https://www.google.com/maps/place/?q=place_id:ChIJ71wUWpIvdTERTT13Rm_QNBc
PHÒNG KHÁM TAI MŨI HỌNG - (Dr LÊ NA Clinic ENT),10.7258683,106.734088,"PHÒNG KHÁM TAI MŨI HỌNG - (Dr LÊ NA Clinic ENT), 1049 Huỳnh Tấn Phát, Phú Thuận, Hồ Chí Minh, Việt Nam","Phòng khám tai mũi họng, Bác sĩ chuyên khoa tai mũi họng, Phòng khám nhi khoa",4.8,https://www.google.com/maps/place/?q=place_id:ChIJp8QAKfwldTERlVRQVaaaywQ
Nha Khoa Sunrise,10.740401,106.699078,"Nha Khoa Sunrise, KDC, 29 Nguyễn Thị Thập, Khu đô thị Him Lam, Tân Hưng, Hồ Chí Minh 70000, Việt Nam","Phòng khám nha khoa, Nha sĩ, Bác sĩ chỉnh răng",4.9,https://www.google.com/maps/place/?q=place_id:ChIJWbExOKIvdTERZ0KdSC_y85c
"Nha Khoa Kim - 60C Nguyễn Thị Thập, Quận 7",10.7378583,106.7261886,"Nha Khoa Kim - 60C Nguyễn Thị Thập, Quận 7, 60C Nguyễn Thị Thập, Tân Thuận, Hồ Chí Minh 70000, Việt Nam",Phòng khám nha khoa,4.7,https://www.google.com/maps/place/?q=place_id:ChIJDUnys7QvdTERIwr7oz2vSQ0
Phòng Khám Đa Khoa Thái Hòa,10.7374829,106.7288585,"Phòng Khám Đa Khoa Thái Hòa, 29-31 Nguyễn Thị Thập, Tân Mỹ, Hồ Chí Minh, Việt Nam",Phòng khám,3.6,https://www.google.com/maps/place/?q=place_id:ChIJlaGEu4YvdTERQDoq07Og268
Shine Medi - Spa Trị Mụn Quận 7 | Meso Quận 7,10.7339557,106.7012472,"Shine Medi - Spa Trị Mụn Quận 7 | Meso Quận 7, 9 Đ. số 6, Khu dân cư Kim Sơn, Tân Hưng, Hồ Chí Minh 700000, Việt Nam",Spa,5,https://www.google.com/maps/place/?q=place_id:ChIJRxCmR2AvdTERvln1plyWe7M
Nha Khoa Peace Dentistry - Quận 7,10.741097499999999,106.6981838,"Nha Khoa Peace Dentistry - Quận 7, 56 Nguyễn Thị Thập, Khu đô thị Him Lam, Tân Hưng, Hồ Chí Minh 700000, Việt Nam",Phòng khám nha khoa,4.9,https://www.google.com/maps/place/?q=place_id:ChIJ7arqT3kvdTERTpHDJjzvoAw
Daysaki Clinic & Spa - Chi nhánh Quận 7,10.7390788,106.7095533,"Daysaki Clinic & Spa - Chi nhánh Quận 7, 408 Nguyễn Thị Thập, Tân Hưng, Hồ Chí Minh 72913, Việt Nam","Cửa hàng mỹ phẩm, Thẩm mỹ viện, Spa mặt",4.8,https://www.google.com/maps/place/?q=place_id:ChIJqTsL3LEvdTER9ErINIeGqow
Mai Hồ Skin Beauty,10.7345112,106.7008966,"Mai Hồ Skin Beauty, 24 Đ. số 6, Khu dân cư Kim Sơn, Tân Hưng, Hồ Chí Minh 70000, Việt Nam",Cơ sở chăm sóc da,5,https://www.google.com/maps/place/?q=place_id:ChIJ2aU4xpwvdTERnDbd8XerII0
YOU N YOUNG Aesthetic Clinic,10.740403299999999,106.6982414,"YOU N YOUNG Aesthetic Clinic, 56 Đường Số 14, Khu đô thị Him Lam, Tân Hưng, Hồ Chí Minh 72912, Việt Nam",Phòng khám,5,https://www.google.com/maps/place/?q=place_id:ChIJM7bLaRYvdTERIFbpXeulkL4
Glo365 Tân Hưng,10.7262161,106.7102444,"Glo365 Tân Hưng, 55 Đ. Hà Huy Tập, Khu đô thị Phú Mỹ Hưng, Tân Hưng, Hồ Chí Minh 700000, Việt Nam",Phòng khám,4.8,https://www.google.com/maps/place/?q=place_id:ChIJ-VhmZqEvdTERzn-EVAhFV7c
Nha Khoa Lan Anh,10.722984,106.7151933,"Nha Khoa Lan Anh, 149 Đ. Tôn Dật Tiên, Phường, Tân Hưng, Hồ Chí Minh 700000, Việt Nam",Phòng khám nha khoa,4.8,https://www.google.com/maps/place/?q=place_id:ChIJoXjy04wvdTERyY20jeHuwzA
Phòng khám Phổi - Sản Khoa,10.7380933,106.7113037,"Phòng khám Phổi - Sản Khoa, 11 Đường số 41, Khu dân cư An Phú Hưng, Tân Hưng, Hồ Chí Minh 700000, Việt Nam",Phòng khám,3.1,https://www.google.com/maps/place/?q=place_id:ChIJ8cu20oQvdTERhjzOFQXp-_E
Care With Love Quận 7 - Spa Cho Mẹ Bầu & Bé Bơi Thuỷ Liệu,10.732299099999999,106.7078119,"Care With Love Quận 7 - Spa Cho Mẹ Bầu & Bé Bơi Thuỷ Liệu, 19 Đ. Nội Khu Hưng Gia 4, Khu đô thị Phú Mỹ Hưng, Tân Hưng, Hồ Chí Minh 20000, Việt Nam",Trung tâm chăm sóc thai sản,5,https://www.google.com/maps/place/?q=place_id:ChIJ17JAZFYvdTEREAnYzkPjOuw
Bệnh viện Đa khoa Nguyễn Thị Thập,10.7373313,106.7241657,"Bệnh viện Đa khoa Nguyễn Thị Thập, 101 Nguyễn Thị Thập, Tân Mỹ, Hồ Chí Minh 00700, Việt Nam","Bệnh viện đa khoa, Bệnh viện",2.4,https://www.google.com/maps/place/?q=place_id:ChIJu5Tg7H0ldTERYMsAsCbqHjc
Trạm Y Tế Phường Tân Kiểng Quận 7,10.746069199999999,106.7072865,"Trạm Y Tế Phường Tân Kiểng Quận 7, 98 Đ.13, Tân Hưng, Hồ Chí Minh, Việt Nam",Trung tâm y tế,2.6,https://www.google.com/maps/place/?q=place_id:ChIJ-b-Kb4AvdTERwjkIKvK5ea8
Bệnh viện Đa khoa Tân Hưng,10.7512252,106.6963562,"Bệnh viện Đa khoa Tân Hưng, 871 Đ. Trần Xuân Soạn, Tân Hưng, Hồ Chí Minh, Việt Nam",Bệnh viện đa khoa,3.1,https://www.google.com/maps/place/?q=place_id:ChIJDxW8UgkvdTERCCot1MqXsLA
Trạm y tế phường Tân Mỹ,10.7377564,106.72353609999999,"Trạm y tế phường Tân Mỹ, 101 Nguyễn Thị Thập, Tân Mỹ, Hồ Chí Minh 00700, Việt Nam",Trung tâm y tế,3.1,https://www.google.com/maps/place/?q=place_id:ChIJDQAb9n0ldTER42XxiiIsp34
Bệnh viện FV,10.7325029,106.7180068,"Bệnh viện FV, 6 Nguyễn Lương Bằng, Khu đô thị Phú Mỹ Hưng, Tân Mỹ, Hồ Chí Minh 70000, Việt Nam","Bệnh viện đa khoa, Bệnh viện tư nhân",4,https://www.google.com/maps/place/?q=place_id:ChIJJeoQtogvdTERC5kIIDyUWrc
Phòng khám đa khoa SIHG,10.7224088,106.71317289999999,"Phòng khám đa khoa SIHG, 16 Đ. Tôn Dật Tiên, Khu đô thị Phú Mỹ Hưng, Tân Hưng, Hồ Chí Minh, Việt Nam",Bệnh viện,4.6,https://www.google.com/maps/place/?q=place_id:ChIJNw8wPXgvdTERTgtCa2Um8ac
PHÒNG KHÁM SKY,10.742714,106.71579249999999,"PHÒNG KHÁM SKY, 158 Đ. Lâm Văn Bền, Tân Hưng, Hồ Chí Minh 700000, Việt Nam",Phòng khám,3.6,https://www.google.com/maps/place/?q=place_id:ChIJRWFfRoIvdTER1aK84opshdw
Nhận Khám bệnh tại nhà Quận 7 - Bác sĩ Quỳnh,10.7334506,106.7016488,"Nhận Khám bệnh tại nhà Quận 7 - Bác sĩ Quỳnh, 538 Lê Văn Lương, Tân Hưng, Hồ Chí Minh, Việt Nam",Bệnh viện,4.9,https://www.google.com/maps/place/?q=place_id:ChIJK67BCmIvdTERyqkiBzzJcPk
Phòng khám Tai Mũi Họng quận 7 BS THƯ DNO,10.747438299999999,106.7131998,"Phòng khám Tai Mũi Họng quận 7 BS THƯ DNO, 62/71 Lâm Văn Bền, Tân Hưng, Hồ Chí Minh 72911, Việt Nam",Phòng khám tai mũi họng,5,https://www.google.com/maps/place/?q=place_id:ChIJlX81ucUvdTERx4IfygUDPz8
Phòng Khám Y Học Cổ Truyền Hoa Đà - Cơ Xương Khớp cn1,10.7450119,106.69616049999999,"Phòng Khám Y Học Cổ Truyền Hoa Đà - Cơ Xương Khớp cn1, 73 Đ. Ngô Thị Bì, Khu đô thị Him Lam, Tân Hưng, Hồ Chí Minh 700000, Việt Nam","Phòng khám vật lý trị liệu, Spa sức khỏe, Bác sĩ trị liệu xoa bóp, Trung tâm chăm sóc sức khỏe",4.6,https://www.google.com/maps/place/?q=place_id:ChIJqyT7dpgvdTERHy2AvJT_zIg
Phòng Khám Bầu Bí Quận 7,10.7424311,106.69964639999999,"Phòng Khám Bầu Bí Quận 7, 11 Đ. số 6, Khu dân cư Him Lam, Tân Hưng, Hồ Chí Minh 72912, Việt Nam",Bác sĩ khoa sản-Bác sĩ phụ khoa,4.9,https://www.google.com/maps/place/?q=place_id:ChIJPTvEgdYvdTER6-q-g45N_JU
"Phòng khám Nội Thần Kinh, BSCKI. Phạm Nguyễn Bảo Quốc (BV ĐHYD)",10.7393687,106.6966513,"Phòng khám Nội Thần Kinh, BSCKI. Phạm Nguyễn Bảo Quốc (BV ĐHYD), 44 Đ. số 7, khu dân cư Him Lam, Tân Hưng, Hồ Chí Minh 70000, Việt Nam","Phòng khám thần kinh, Phòng mạch y tế",5,https://www.google.com/maps/place/?q=place_id:ChIJsQpeIKwvdTER87efuEDJ-SE
Phòng Khám Da Liễu Gà Quận 7,10.7409079,106.6964452,"Phòng Khám Da Liễu Gà Quận 7, 131 Nguyễn Thị Thập, Khu đô thị Him Lam, Tân Hưng, Hồ Chí Minh 700000, Việt Nam","Phòng khám, Spa",4.8,https://www.google.com/maps/place/?q=place_id:ChIJkww3mkMvdTER_FsaY8739tk
MEC - Phòng Khám Chuyên Khoa Mắt,10.744667399999999,106.6949652,"MEC - Phòng Khám Chuyên Khoa Mắt, chung cư Florita, 83 Đ. D4, Khu đô thị Him Lam, Tân Hưng, Hồ Chí Minh, Việt Nam",Trung tâm chăm sóc mắt,5,https://www.google.com/maps/place/?q=place_id:ChIJz5OAsusvdTERrfw4QcWg-pk
Phòng Khám Y Học Tuệ An- Chi Nhánh Quận 7,10.7410575,106.70587689999999,"Phòng Khám Y Học Tuệ An- Chi Nhánh Quận 7, 77B Đ. Số 77, Tân Hưng, Hồ Chí Minh 008428, Việt Nam",Bác sĩ nắn xương,4.7,https://www.google.com/maps/place/?q=place_id:ChIJ63TKIq4vdTERQjL2d0ReHWY
Phòng khám Y Học Cổ Truyền S.O.I,10.7408393,106.6994296,"Phòng khám Y Học Cổ Truyền S.O.I, 18 Nguyễn Thị Thập, Khu đô thị Him Lam, Tân Hưng, Hồ Chí Minh 07000, Việt Nam","Phòng khám chuyên khoa, Phòng khám vật lý trị liệu",4.9,https://www.google.com/maps/place/?q=place_id:ChIJNyALVQAvdTER2CrxQmwAkkc
Phòng Khám Nhi Đồng Zen,10.7403398,106.7137972,"Phòng Khám Nhi Đồng Zen, 39 Mai Văn Vĩnh, Tân Hưng, Hồ Chí Minh 700000, Việt Nam","Phòng khám nhi khoa, Trung tâm chăm sóc sức khỏe trẻ em, Bác sĩ chuyên khoa tâm lý trẻ em, Phòng khám, Bệnh viện tự do",5,https://www.google.com/maps/place/?q=place_id:ChIJSfojVg09VggRUIno7-RM4Fg
Phòng khám Sản Phụ khoa Dr.Marie HCM02,10.7409397,106.6963973,"Phòng khám Sản Phụ khoa Dr.Marie HCM02, 111 Nguyễn Thị Thập, Khu dân cư Him Lam, Tân Hưng, Hồ Chí Minh 700000, Việt Nam",Phòng khám sức khỏe sinh sản,5,https://www.google.com/maps/place/?q=place_id:ChIJfyW7M4cvdTERkH1ZTd7X26k
"Bác Sĩ Nguyễn Kinh Quốc, chuyên khoa Nội Thần Kinh",10.7383907,106.7049744,"Bác Sĩ Nguyễn Kinh Quốc, chuyên khoa Nội Thần Kinh, 207 Đ. Số 30, Khu dân cư Tân Quy Đông, Tân Hưng, Hồ Chí Minh, Việt Nam",Phòng khám thần kinh,4.7,https://www.google.com/maps/place/?q=place_id:ChIJaUzJaZkvdTERagEf98-VHq0
Phòng Khám Y Học Cổ Truyền Sài Gòn - Chi Nhánh Quận 7,10.742151999999999,106.69530379999999,"Phòng Khám Y Học Cổ Truyền Sài Gòn - Chi Nhánh Quận 7, 29 Đ. số 9, Khu đô thị Him Lam, Tân Hưng, Hồ Chí Minh 70000, Việt Nam",Phòng khám,4.7,https://www.google.com/maps/place/?q=place_id:ChIJEyhSCYkvdTER2otEwI62hts
Phòng khám đa khoa ViNa CSSK,10.7302064,106.7072058,"Phòng khám đa khoa ViNa CSSK, Đ. số 6/30 Khu Phố Hưng Phước 3, Khu đô thị, Tân Hưng, Hồ Chí Minh 700000, Việt Nam",Bệnh viện,2.3,https://www.google.com/maps/place/?q=place_id:ChIJQ28QTUEvdTERstL-O1VzX3E
Happy Eyes Center Quận 7,10.7446427,106.6995115,"Happy Eyes Center Quận 7, B46 Đường 4A, Khu đô thị Him Lam, Tân Hưng, Hồ Chí Minh 72900, Việt Nam",Trung tâm chăm sóc mắt,4.1,https://www.google.com/maps/place/?q=place_id:ChIJ5WhsAoIvdTER_4wzg2WvcE0
Phòng Khám Bác Sĩ Nguyễn Huy Luân,10.7396428,106.70421599999999,"Phòng Khám Bác Sĩ Nguyễn Huy Luân, 587 Nguyễn Thị Thập, Tân Hưng, Hồ Chí Minh, Việt Nam",Phòng khám,5,https://www.google.com/maps/place/?q=place_id:ChIJ6yt3M5kvdTERWzrwFTWX9N4
Phòng Khám Ngoài Giờ - Bs Bảo,10.7448432,106.71033639999999,"Phòng Khám Ngoài Giờ - Bs Bảo, 191 Số 17, Tân Hưng, Hồ Chí Minh, Việt Nam",Phòng khám,1,https://www.google.com/maps/place/?q=place_id:ChIJzSJVXp0vdTERizhyriR1pcQ
PHÒNG KHÁM MẮT BÁC SĨ THOẠI,10.7399044,106.7127472,"PHÒNG KHÁM MẮT BÁC SĨ THOẠI, 2/4 Đường số 79, Tân Hưng, Hồ Chí Minh 700000, Việt Nam",Phòng khám mắt,4.3,https://www.google.com/maps/place/?q=place_id:ChIJeeESorEvdTERic2yhMXQ4XQ
Phòng Khám Y Học Cổ Truyền Phúc An,10.7371302,106.7115647,"Phòng Khám Y Học Cổ Truyền Phúc An, 88 Võ Thị Đặng, Khu dân cư An Phú Hưng, Quận 7, Hồ Chí Minh, Việt Nam","Phòng khám, Phòng châm cứu, Bác sĩ y học tự nhiên",5,https://www.google.com/maps/place/?q=place_id:ChIJncbyYzIvdTER1tsgyNgLnFw
Phòng Khám Thẩm Mỹ Đại Việt,10.740076,106.6970616,"Phòng Khám Thẩm Mỹ Đại Việt, 36-40 Đ. Số 5, khu dân cư Hum Lam, Tân Hưng, Hồ Chí Minh, Việt Nam",Dịch vụ thẩm mỹ,5,https://www.google.com/maps/place/?q=place_id:ChIJxbQ0YFovdTERJNK6H8ZNpk4
Phòng Khám Tai Mũi Họng 120/1 Trần Quốc Thảo,10.7435662,106.7118187,"Phòng Khám Tai Mũi Họng 120/1 Trần Quốc Thảo, 33G Đường số 41, Tân Hưng, Hồ Chí Minh, Việt Nam","Phòng khám, Bệnh viện",4.5,https://www.google.com/maps/place/?q=place_id:ChIJCxIfmy4vdTERE_0Zau3UUb0
Phòng Khám Sản Phụ Khoa Quận 7,10.7494491,106.71597399999999,"Phòng Khám Sản Phụ Khoa Quận 7, 37 Đ. Lâm Văn Bền, Tân Thuận, Hồ Chí Minh, Việt Nam",Bệnh viện,4.2,https://www.google.com/maps/place/?q=place_id:ChIJxQciankvdTERSnfhGBWEqcM
Phòng khám Sản phụ khoa HAPPY MOMMY Quận 7,10.7438512,106.7331042,"Phòng khám Sản phụ khoa HAPPY MOMMY Quận 7, Số 2 Đường số 5, Khu dân Cư Nam Long, Tân Thuận, Hồ Chí Minh 756237, Việt Nam",Phòng khám,4,https://www.google.com/maps/place/?q=place_id:ChIJLWcn3r0ldTERnX0M6-_fezw
Phòng Khám Răng Hàm Mặt Trọng Phúc,10.7454568,106.7293297,"Phòng Khám Răng Hàm Mặt Trọng Phúc, 483 Huỳnh Tấn Phát, Tân Thuận, Hồ Chí Minh, Việt Nam",Phòng khám nha khoa,4.7,https://www.google.com/maps/place/?q=place_id:ChIJmcq5ioEldTERlRgIPEEPIog
Phòng Khám Tư Nhân Bs Phan Kim Chi,10.7551962,106.7242354,"Phòng Khám Tư Nhân Bs Phan Kim Chi, 114 Huỳnh Tấn Phát, Tân Thuận, Hồ Chí Minh, Việt Nam",Bác sĩ,4.5,https://www.google.com/maps/place/?q=place_id:ChIJXXQTCIgldTERORZw-y0li6s
Phòng Khám Sản Phụ Khoa Sài Gòn,10.7317644,106.7314782,"Phòng Khám Sản Phụ Khoa Sài Gòn, 724 Huỳnh Tấn Phát, Tân Mỹ, Hồ Chí Minh, Việt Nam","Phòng khám, Bệnh viện",4.3,https://www.google.com/maps/place/?q=place_id:ChIJeWTMwU4ldTERW7WFv_xNSzs
Hệ Thống Y Tế Nhi Đồng 315 Và Tiêm Chủng - Nguyễn Thị Thập - TP.HCM,10.738171,106.7210593,"Hệ Thống Y Tế Nhi Đồng 315 Và Tiêm Chủng - Nguyễn Thị Thập - TP.HCM, 106 Nguyễn Thị Thập, Tân Thuận, Hồ Chí Minh 70000, Việt Nam",Phòng khám nhi khoa,4.6,https://www.google.com/maps/place/?q=place_id:ChIJX3jdblYvdTERl-CRE3P5cAI
DR.YH Clinic & Spa Quận 7,10.7422627,106.69690539999999,"DR.YH Clinic & Spa Quận 7, KDC, 40 Số 10, Khu đô thị Him Lam, Tân Hưng, Hồ Chí Minh 700000, Việt Nam",Thẩm mỹ viện,4.9,https://www.google.com/maps/place/?q=place_id:ChIJSRGhVwAvdTERXHudPzBGOqo
YB Spa & Clinic - Quận 7,10.7429153,106.7237926,"YB Spa & Clinic - Quận 7, 116 Đ. Lý Phục Man, Tân Thuận, Hồ Chí Minh, Việt Nam",Thẩm mỹ viện,4.7,https://www.google.com/maps/place/?q=place_id:ChIJLV9pAPIldTERl-7tVokdF5g
HALLO VET - THÚ Y QUẬN 7 (CẤP CỨU 24/7),10.748180999999999,106.7287365,"HALLO VET - THÚ Y QUẬN 7 (CẤP CỨU 24/7), 354 Huỳnh Tấn Phát, Tân Thuận, Hồ Chí Minh 700000, Việt Nam",Bệnh viện thú y,4.9,https://www.google.com/maps/place/?q=place_id:ChIJDed2QVsndTERh2DBVaE4_Gg
Genki House Trung tâm sinh hoạt và Chăm sóc người cao tuổi,10.7329899,106.7348669,"Genki House Trung tâm sinh hoạt và Chăm sóc người cao tuổi, Đường Cao Thị Chính/B7 Khu Dân Cư Tân Thuận Nam, Phú Thuận, Hồ Chí Minh, Việt Nam",Phòng khám,5,https://www.google.com/maps/place/?q=place_id:ChIJ2XQjnDMldTERHYCa8KPQZsY
Hệ Thống Y Tế Tim Mạch - Tiểu Đường 315 - Huỳnh Tấn Phát - TP.HCM,10.7404133,106.7301071,"Hệ Thống Y Tế Tim Mạch - Tiểu Đường 315 - Huỳnh Tấn Phát - TP.HCM, 605 Huỳnh Tấn Phát, Tân Thuận, Hồ Chí Minh 70000, Việt Nam",Phòng khám,4.7,https://www.google.com/maps/place/?q=place_id:ChIJ-Z9HIxcldTERh_EcYTMqKxk
Wincare - Phòng Khám Sản Phụ Khoa & Hiếm Muộn Quận 7,10.735589,106.7309045,"Wincare - Phòng Khám Sản Phụ Khoa & Hiếm Muộn Quận 7, 729 Huỳnh Tấn Phát, Phú Thuận, Hồ Chí Minh 70000, Việt Nam","Trung tâm chăm sóc thai sản, Bác sĩ khoa sản-Bác sĩ phụ khoa, Phòng khám phụ khoa, Phòng khám sức khỏe sinh sản",4.9,https://www.google.com/maps/place/?q=place_id:ChIJBUla79EldTERmTMpSABJfZE
Phòng khám Sản Phụ khoa - Siêu âm Thanh Loan (Obstetric and Gynecology),10.738656599999999,106.710723,"Phòng khám Sản Phụ khoa - Siêu âm Thanh Loan (Obstetric and Gynecology), 453 Nguyễn Thị Thập, Tân Hưng, Hồ Chí Minh, Việt Nam",Bác sĩ khoa sản-Bác sĩ phụ khoa,5,https://www.google.com/maps/place/?q=place_id:ChIJp3Ayi4EvdTERoKsb_x2qFbM
Bệnh viện Tim Tâm Đức,10.733642099999999,106.71798009999999,"Bệnh viện Tim Tâm Đức, 4 Nguyễn Lương Bằng, Khu đô thị Phú Mỹ Hưng, Tân Mỹ, Hồ Chí Minh, Việt Nam","Bệnh viện, Bác sĩ chuyên khoa tim, Bệnh viện tim",3.9,https://www.google.com/maps/place/?q=place_id:ChIJZ73MqIgvdTERA1KWbPgi0mU
참사랑병원- Cham sarang clinic,10.726337899999999,106.7121169,"Việt Nam, Hồ Chí Minh, Tân Hưng, Khu đô thị Phú Mỹ Hưng, Đ. Hà Huy Tập, 참사랑병원- Cham sarang clinic","Bệnh viện, Chuyên gia làm đẹp, Bác sĩ da liễu, Bác sĩ thực hành tại nhà, Bác sĩ nội khoa, Bác sĩ chuyên khoa tai mũi họng, Bác sĩ khoa nhi, Cơ sở chăm sóc da",4.5,https://www.google.com/maps/place/?q=place_id:ChIJx_BTwsIvdTERyWKhVNHgj_s
Bệnh viện thú y ASIA PET HOSPITAL - Quận 7 (24/7 Cấp Cứu & Phẫu Thuật),10.7281157,106.70597289999999,"Bệnh viện thú y ASIA PET HOSPITAL - Quận 7 (24/7 Cấp Cứu & Phẫu Thuật), Đường Nguyễn Văn Linh, Khu đô thị Phú Mỹ Hưng, Tân Hưng, Hồ Chí Minh, Việt Nam","Bệnh viện thú y, Dịch vụ cấp cứu thú y, Bác sĩ thú y",4.9,https://www.google.com/maps/place/?q=place_id:ChIJ21zPwzIvdTERfl_FJeaxun0
Bệnh viện Nhật,10.7424169,106.6964642,"Bệnh viện Nhật, 46 Số 10, Khu đô thị Him Lam, Tân Hưng, Hồ Chí Minh 700000, Việt Nam",Bệnh viện,4,https://www.google.com/maps/place/?q=place_id:ChIJBXyY-qEvdTERbEomowOyeKc
Diag Laboratories,10.7383486,106.7172854,"Diag Laboratories, 198 Nguyễn Thị Thập, Tân Thuận, Hồ Chí Minh 72914, Việt Nam",Trung tâm y tế,4.6,https://www.google.com/maps/place/?q=place_id:ChIJX9Cv8GkvdTER8LOF0sjzMo8
Animal Doctors International Hospital,10.7295246,106.7135009,"Animal Doctors International Hospital, 826 Đường Nguyễn Văn Linh, Khu đô thị Phú Mỹ Hưng, Tân Hưng, Hồ Chí Minh 700000, Việt Nam","Bác sĩ thú y, Bệnh viện thú y, Dịch vụ cấp cứu thú y, Dịch vụ chăm sóc thú nuôi, Dịch vụ trông thú cưng, Hiệu thuốc thú y",4.3,https://www.google.com/maps/place/?q=place_id:ChIJ6Y5HjuovdTERpNVH8NRrBFk
Japan Animal Hospital,10.742256,106.69657409999999,"Japan Animal Hospital, 46 Đường Số 10, P, Khu đô thị Him Lam, Tân Hưng, Hồ Chí Minh 700000, Việt Nam",Bệnh viện thú y,3.6,https://www.google.com/maps/place/?q=place_id:ChIJCfGl7qEvdTERM57RdPXxJ4k
Trạm Y Tế phường Phú Thuận,10.733447799999999,106.73429759999999,"Trạm Y Tế phường Phú Thuận, A53-54-55 KDC, Khu Dân Cư Tân Thuận Nam, Phú Thuận, Hồ Chí Minh, Việt Nam",Trung tâm y tế,3.6,https://www.google.com/maps/place/?q=place_id:ChIJD-c4unoldTERYicLyqnQE9E
Trạm Y Tế Phường Tân Thuận Tây,10.753333399999999,106.7198221,"Trạm Y Tế Phường Tân Thuận Tây, 139 Đ. Trần Xuân Soạn, Tân Thuận, Hồ Chí Minh, Việt Nam",Bệnh viện,3.8,https://www.google.com/maps/place/?q=place_id:ChIJrecig3MvdTERFmY8cLbIvP8
Sản phụ khoa Bs An - TỪ DŨ,10.738370999999999,106.71740179999999,"Sản phụ khoa Bs An - TỪ DŨ, 194 Nguyễn Thị Thập, Tân Thuận, Hồ Chí Minh, Việt Nam",Phòng khám,4.5,https://www.google.com/maps/place/?q=place_id:ChIJQ0emKNYldTERp95zngrpiWM
Trạm Y Tế Phường Bình Thuận quận 7,10.7436457,106.72935729999999,"Trạm Y Tế Phường Bình Thuận quận 7, 478 Huỳnh Tấn Phát, Tân Thuận, Hồ Chí Minh, Việt Nam",Trung tâm y tế,2.6,https://www.google.com/maps/place/?q=place_id:ChIJbTJiq3gldTERIxHqSoNQOwk
"Nha Khoa ODENT - Dental Clinic | Nha khoa uy tín quận 7 | Nha khoa Niềng răng, Veneer và Cấy ghép Implant",10.7389422,106.72134729999999,"Nha Khoa ODENT - Dental Clinic | Nha khoa uy tín quận 7 | Nha khoa Niềng răng, Veneer và Cấy ghép Implant, 352 Đường Nguyễn Văn Linh, Tân Thuận, Hồ Chí Minh, Việt Nam",Phòng khám nha khoa,4.8,https://www.google.com/maps/place/?q=place_id:ChIJT5LdXXQvdTERlmGgOcBohUk
Phòng Khám Da Liễu BS CKII Thùy Dung,10.7282551,106.7364037,"Phòng Khám Da Liễu BS CKII Thùy Dung, 92B27 Khu dân cư Savimex, khu phố 18, Phú Thuận, Hồ Chí Minh 70000, Việt Nam",Bác sĩ da liễu,4.7,https://www.google.com/maps/place/?q=place_id:ChIJ9VJ9MnIldTERaVCf4XslaFQ
Bệnh Viện Thú Y Kim Sơn - 283 Lê văn Lương Quận 7,10.7435136,106.7043221,"Bệnh Viện Thú Y Kim Sơn - 283 Lê văn Lương Quận 7, 283 Lê Văn Lương, Tân Hưng, Hồ Chí Minh 72900, Việt Nam",Bệnh viện thú y,4.3,https://www.google.com/maps/place/?q=place_id:ChIJieUkJ3IvdTERjnVT7KijOvY
Bác sĩ Gia Đình Quận 7 Bác sĩ Quỳnh,10.710801,106.7019023,"Bác sĩ Gia Đình Quận 7 Bác sĩ Quỳnh, 68 Lê Văn Lương, Nhà Bè, Hồ Chí Minh 700000, Việt Nam",Trung tâm y tế,5,https://www.google.com/maps/place/?q=place_id:ChIJw4f1apovdTER6zIK_OdKTns
Chidori Spa Quận 7,10.7473318,106.706614,"Chidori Spa Quận 7, 113 Phan Huy Thực, Tân Hưng, Hồ Chí Minh 70000, Việt Nam",Cơ sở chăm sóc da,4.7,https://www.google.com/maps/place/?q=place_id:ChIJ8-CuFAAvdTERdEmBLNwd9QE
Nàng spa relax quận7,10.7370267,106.7067311,"Nàng spa relax quận7, 02 Lô X, Đường số 40, Khu định cư Tân Quy Đông, Tân Hưng, Hồ Chí Minh 70000, Việt Nam",Cơ sở chăm sóc da,5,https://www.google.com/maps/place/?q=place_id:ChIJJf_teAAvdTERfbu3IxIErrY
Vita Clinic,10.7296017,106.7038812,"Vita Clinic, SC VivoCity, 1058 Đường Nguyễn Văn Linh, Tân Hưng, Hồ Chí Minh, Việt Nam",Phòng khám,4.9,https://www.google.com/maps/place/?q=place_id:ChIJqcXbGQAvdTER-wZfVVrkoQc
FASTHETIC101 - HCM Q7,10.7323154,106.7063577,"FASTHETIC101 - HCM Q7, Sky Garden 3, Khu đô thị Phú Mỹ Hưng, Tân Hưng, Hồ Chí Minh, Việt Nam","Cơ sở chăm sóc da, Phòng khám",4.6,https://www.google.com/maps/place/?q=place_id:ChIJ6XNLfQAvdTERGZlol0WlaGg
ROHTO AOHAL CLINIC - Nguyễn Thị Thập,10.740977899999999,106.6983851,"ROHTO AOHAL CLINIC - Nguyễn Thị Thập, 50 Nguyễn Thị Thập, Khu đô thị Him Lam, Tân Hưng, Hồ Chí Minh 700000, Việt Nam",Cơ sở chăm sóc da,5,https://www.google.com/maps/place/?q=place_id:ChIJS9du-LAvdTERWFuSdjGiIvg
Beauty Lab Skin & Health,10.743305999999999,106.7073054,"Beauty Lab Skin & Health, 60 Đường số 25A, Quận 7, Hồ Chí Minh, Việt Nam","Spa, Dịch vụ trồng tóc",4.9,https://www.google.com/maps/place/?q=place_id:ChIJaTFl2icvdTER_W0HAcFsprQ
Pure Aesthetics Clinic,10.7398039,106.69710339999999,"Pure Aesthetics Clinic, 50 Đ. Số 5, khu dân cư mới Him Lam, Tân Hưng, Hồ Chí Minh, Việt Nam",Thẩm mỹ viện,5,https://www.google.com/maps/place/?q=place_id:ChIJE2pw3XYvdTERMF_t1pSpmS8
Saigon Holistic Clinic D7,10.7262659,106.7109662,"Saigon Holistic Clinic D7, 39 Đ. Hà Huy Tập, Khu đô thị Phú Mỹ Hưng, Tân Hưng, Hồ Chí Minh 700000, Việt Nam","Người chữa bệnh bằng phương pháp nắn khớp xương, Phòng châm cứu, Bác sĩ trị liệu xoa bóp, Trung tâm phục hồi chức năng thể chất, Vật lý trị liệu, Phòng khám vật lý trị liệu, Trung tâm phục hồi chức năng, Nhân viên trị liệu mát-xa thể thao, Trung tâm chăm sóc sức khỏe",4.3,https://www.google.com/maps/place/?q=place_id:ChIJoYyyjUYvdTERIATmJE8e0vY
Chang Beauty & Spa | Massage Ấn Huyệt | Lấy Nhân Mụn | Gội Dưỡng Sinh Quận 7 | Spa Uy Tín Quận 7,10.736837,106.7080635,"Chang Beauty & Spa | Massage Ấn Huyệt | Lấy Nhân Mụn | Gội Dưỡng Sinh Quận 7 | Spa Uy Tín Quận 7, 13k1 Đường số 40, khu dân cư, Tân Hưng, Hồ Chí Minh, Việt Nam",Spa,4.9,https://www.google.com/maps/place/?q=place_id:ChIJdYpw_hovdTER6IcKLsm3sn4
Nha Khoa Bảo Việt,10.7302708,106.7322877,"Nha Khoa Bảo Việt, 909 Huỳnh Tấn Phát, Phú Thuận, Hồ Chí Minh, Việt Nam",Bệnh viện,4.9,https://www.google.com/maps/place/?q=place_id:ChIJ332qWwkpdTERJq_L57wptww
Trạm Y Tế Phường Phú Thuận,10.705512899999999,106.73767,"Trạm Y Tế Phường Phú Thuận, 1705 Huỳnh Tấn Phát, Tân Mỹ, Hồ Chí Minh, Việt Nam",Trung tâm y tế công cộng,3.3,https://www.google.com/maps/place/?q=place_id:ChIJP-nNeU4ldTER2QfF3mPiAZ8
Trung Tâm Y Khoa Diag - Huỳnh Tấn Phát,10.7154414,106.737061,"Trung Tâm Y Khoa Diag - Huỳnh Tấn Phát, Huỳnh Tấn Phát, KP4, Phú Thuận, Hồ Chí Minh 72907, Việt Nam",Trung tâm y tế,4.8,https://www.google.com/maps/place/?q=place_id:ChIJZ8k-3dUldTER_HPhondhHrg
Phòng Khám Thú Y 693,10.7366155,106.7307457,"Phòng Khám Thú Y 693, 693 Huỳnh Tấn Phát, Phú Thuận, Hồ Chí Minh, Việt Nam",Chăm sóc thú ý,4,https://www.google.com/maps/place/?q=place_id:ChIJjxpk63sldTERJiZwf0AH0EQ
Trung tâm tiêm chủng VNVC Quận 7,10.7194405,106.72779729999999,"Trung tâm tiêm chủng VNVC Quận 7, Khu A, Cửa hàng số 0.11A,0.15,0.17 Khu dân cư, đa hợp Nguyễn Lương Bằng, Khu đô thị mới Nam Thành Phố 89, Tân Mỹ, Hồ Chí Minh, Việt Nam",Trung tâm chăm sóc sức khỏe,4.1,https://www.google.com/maps/place/?q=place_id:ChIJKZ7UHLUvdTERn46dJyMSqik
Sửa khóa quận 7 - remote cửa cuốn - thẻ từ,10.7353463,106.73950909999999,"Sửa khóa quận 7 - remote cửa cuốn - thẻ từ, Chung Cư Jamona, Nhà M2 - 12b -23, 722 Đ. Đào Trí, Phú Thuận, Hồ Chí Minh 72907, Việt Nam",Dịch vụ sửa chữa,5,https://www.google.com/maps/place/?q=place_id:ChIJl7LD5zIldTER-AMDoQ_GO1o
Mắt Kính Sài Gòn Quận 7,10.7376492,106.7309978,"Mắt Kính Sài Gòn Quận 7, 1G Nguyễn Văn Quỳ, Phú Thuận, Hồ Chí Minh, Việt Nam",Trung tâm chăm sóc mắt,4.9,https://www.google.com/maps/place/?q=place_id:ChIJh-hH_qgldTERSqvu29uffAA
"DinoKinder - Trường Mầm Non Khủng Long Nhỏ Quận 7, TP. Hồ Chí Minh",10.7159693,106.73993569999999,"DinoKinder - Trường Mầm Non Khủng Long Nhỏ Quận 7, TP. Hồ Chí Minh, Block 1, Hoàng Quốc Việt/89 KDC La Casa, Phú Thuận, Hồ Chí Minh 72907, Việt Nam","Trường mầm non, Trường mẫu giáo, Trường học",4.2,https://www.google.com/maps/place/?q=place_id:ChIJH0bQhPYldTERkzCelJyjdC0
"Trung Tâm Vàng Bạc Đá Quý HanaGold - Quận 7, Thành phố Hồ Chí Minh",10.7217539,106.7428357,"Trung Tâm Vàng Bạc Đá Quý HanaGold - Quận 7, Thành phố Hồ Chí Minh, 04 Đ. Đào Trí, Phú Thuận, Hồ Chí Minh 70000, Việt Nam",Cửa hàng bán buôn trang sức,4.9,https://www.google.com/maps/place/?q=place_id:ChIJwcXKW0ktdTERC3Rzk1xeDI8
Hệ Thống Y Tế Mắt 315 - Huỳnh Tấn Phát - TP.HCM,10.736906699999999,106.7306562,"Hệ Thống Y Tế Mắt 315 - Huỳnh Tấn Phát - TP.HCM, 679-681 Huỳnh Tấn Phát, P, Phú Thuận, Hồ Chí Minh 70000, Việt Nam",Phòng khám,4.1,https://www.google.com/maps/place/?q=place_id:ChIJuRbhG3sldTER3I-_Ny95644
SỬA TIVI TẠI NHÀ PHÚ THUẬN TPHCM | TOUCHEE : Điện Tử MINH ANH chuyên sửa tivi tận nơi khách Nhanh Chóng - Uy Tín - Hài Lòng,10.7195468,106.7369179,"SỬA TIVI TẠI NHÀ PHÚ THUẬN TPHCM | TOUCHEE : Điện Tử MINH ANH chuyên sửa tivi tận nơi khách Nhanh Chóng - Uy Tín - Hài Lòng, 1251 Huỳnh Tấn Phát, Phú Thuận, Hồ Chí Minh 700000, Việt Nam",Kỹ sư điện tử,5,https://www.google.com/maps/place/?q=place_id:ChIJxZIScdUrdTERQyuTtJNQVrU
Siêu thị Điện máy XANH,10.7373037,106.7306863,"Siêu thị Điện máy XANH, 677 Huỳnh Tấn Phát, Phú Thuận, Hồ Chí Minh 70000, Việt Nam","Cửa hàng bán đồ điện tử, Cửa hàng phụ kiện điện thoại di động, Cửa hàng điện thoại di động, Cửa hàng đồ gia dụng, Cửa hàng máy lạnh, Cửa hàng",4.4,https://www.google.com/maps/place/?q=place_id:ChIJ3YtTlEQldTERGMc6_HSakn8
iShine Spa & Beauty Quận 7 | Chăm sóc da Nặn mụn - Triệt lông - Gội đầu dưỡng sinh,10.735347599999999,106.72604899999999,"iShine Spa & Beauty Quận 7 | Chăm sóc da Nặn mụn - Triệt lông - Gội đầu dưỡng sinh, 28 Đ. Số 1, KDC Cityland Riverside, Tân Mỹ, Hồ Chí Minh 72900, Việt Nam",Cơ sở chăm sóc da,4.9,https://www.google.com/maps/place/?q=place_id:ChIJD5Fh44MldTER6vySz7WmrMM
PHÒNG KHÁM CHUYÊN KHOA PHẪU THUẬT THẨM MỸ BÌNH PHƯƠNG,10.7467765,106.7045014,"PHÒNG KHÁM CHUYÊN KHOA PHẪU THUẬT THẨM MỸ BÌNH PHƯƠNG, 186 Lê Văn Lương, Tân Hưng, Hồ Chí Minh, Việt Nam","Thẩm mỹ viện, Bác sĩ phẫu thuật thẩm mỹ",4.8,https://www.google.com/maps/place/?q=place_id:ChIJXwzMwXUvdTERqaQ1qDjFNFo
Phòng Khám Chuyên Khoa Thẩm Mỹ Trúc Anh,10.740205699999999,106.6959397,"Phòng Khám Chuyên Khoa Thẩm Mỹ Trúc Anh, 66 Hoàng Trọng Mậu, Khu đô thị Him Lam, Tân Hưng, Hồ Chí Minh 72900, Việt Nam",Thẩm mỹ viện,5,https://www.google.com/maps/place/?q=place_id:ChIJB3dN2KMvdTERLI0p63u2mBY
Thẩm Mỹ Viện Seoul Center,10.7416895,106.69578849999999,"Thẩm Mỹ Viện Seoul Center, 46 Hoàng Trọng Mậu, Khu dân cư Him Lam, Tân Hưng, Hồ Chí Minh, Việt Nam",Thẩm mỹ viện,4.9,https://www.google.com/maps/place/?q=place_id:ChIJtZswNc8pdTERGLRzdq5tVhY
Nha Khoa Quận 7 - Ami Dental Clinic,10.750723899999999,106.7114615,"Nha Khoa Quận 7 - Ami Dental Clinic, 35/33b Bế Văn Cấm, Tân Hưng, Hồ Chí Minh 72911, Việt Nam",Phòng khám nha khoa,5,https://www.google.com/maps/place/?q=place_id:ChIJmSYlH_MrdTERQHv2fH3tkNk
Queen Spa,10.7275192,106.6964034,"Queen Spa, 14 Đường Số 4, Khu dân cư ven sông, Tân Hưng, Hồ Chí Minh, Việt Nam",Cơ sở chăm sóc da,5,https://www.google.com/maps/place/?q=place_id:ChIJU5b2kBEvdTERg9ksN2X5hBI
Vy Spa - Skin Care Center,10.7439479,106.69972369999999,"Vy Spa - Skin Care Center, G13 Đ. 3A, Tân Hưng, Hồ Chí Minh 700000, Việt Nam",Spa,4.4,https://www.google.com/maps/place/?q=place_id:ChIJszxJI6AvdTERTdzK62WpnfU
NATURE BEAUTY CLINIC,10.7407001,106.71412769999999,"NATURE BEAUTY CLINIC, 140 Đường số 53, P, Tân Hưng, Hồ Chí Minh 70000, Việt Nam",Spa,4.2,https://www.google.com/maps/place/?q=place_id:ChIJ90aFj4MvdTERLAZbudfvooU
Day Spa & Beauty,10.7394236,106.70483229999999,"Day Spa & Beauty, 2 Đ. 75, Tân Hưng, Hồ Chí Minh 700000, Việt Nam",Chuyên gia làm đẹp,4.4,https://www.google.com/maps/place/?q=place_id:ChIJE_Jf1gkvdTERm2F_qt4dqds
"66 Hoàng Trọng Mậu , P Tân Hưng , Q 7",10.740209199999999,106.6959397,"66 Hoàng Trọng Mậu , P Tân Hưng , Q 7, 66 Hoàng Trọng Mậu, Khu đô thị Him Lam, Tân Hưng, Hồ Chí Minh, Việt Nam",Thẩm mỹ viện,5,https://www.google.com/maps/place/?q=place_id:ChIJGdLxb8kvdTERiwqF4IoDJbI
Mr.Sử | Xét Nghiệm HIV 24/7 - BẢO MẬT - AN TOÀN,10.7509967,106.71352019999999,"Mr.Sử | Xét Nghiệm HIV 24/7 - BẢO MẬT - AN TOÀN, 253/70 Đ. Trần Xuân Soạn, Tân Hưng, Hồ Chí Minh 740000, Việt Nam","Nhân viên xét nghiệm y tế, Dịch vụ xét nghiệm máu, Dịch vụ chăm sóc y tế tại nhà, Nhà cung cấp thiết bị y tế, Dịch vụ sức khỏe tâm thần, Dịch vụ xét nghiệm bệnh lây truyền qua đường tình dục",5,https://www.google.com/maps/place/?q=place_id:ChIJlytG2_IvdTERUEwcS4v1njI
Rose Nail & Beauty,10.7463371,106.7080453,"Rose Nail & Beauty, 17 Số 11, Quận 7, Hồ Chí Minh 700000, Việt Nam",Tiệm chăm sóc móng,5,https://www.google.com/maps/place/?q=place_id:ChIJO5oQ1CEvdTER5VZmsDpyGsA
Phòng khám Sản Phụ Khoa Women Retreat,10.7479906,106.71333779999999,"Phòng khám Sản Phụ Khoa Women Retreat, Chung cư cao tầng Mỹ Phú, 60/68 Lâm Văn Bền, Tân Hưng, Hồ Chí Minh, Việt Nam",Phòng khám phụ khoa,5,https://www.google.com/maps/place/?q=place_id:ChIJC-IPoRAvdTERtCu4i99dk1Y
Coher Beauty,10.747980799999999,106.7065672,"Coher Beauty, 80 Số 3, Tân Hưng, Hồ Chí Minh 700000, Việt Nam",Cơ sở chăm sóc da,5,https://www.google.com/maps/place/?q=place_id:ChIJ3-40bAAvdTERIvvNL7OZt4g
The Soi Spa Company - Sol Spa,10.7408342,106.69945949999999,"The Soi Spa Company - Sol Spa, 16 Nguyễn Thị Thập, Khu đô thị Him Lam, Tân Hưng, Hồ Chí Minh, Việt Nam","Spa sức khỏe, Bác sĩ trị liệu xoa bóp",4.5,https://www.google.com/maps/place/?q=place_id:ChIJ20VVK54vdTERiBD1NVFF0hI
"Phòng Khám Thú Y Doctor Pet - 114 Lê Văn Lương, P. Tân Hưng, Quận 7",10.749091,106.7047666,"Phòng Khám Thú Y Doctor Pet - 114 Lê Văn Lương, P. Tân Hưng, Quận 7, 114 Lê Văn Lương, Tân Hưng, Hồ Chí Minh 700000, Việt Nam",Bệnh viện thú y,5,https://www.google.com/maps/place/?q=place_id:ChIJ4yt1uSIvdTERoYDzuLITfIY
Thảo Yuu Beauty & Spa,10.731252,106.7332977,"Thảo Yuu Beauty & Spa, 15 Đ. Phú Thuận, P, Phú Thuận, Hồ Chí Minh 70000, Việt Nam",Thẩm mỹ viện,5,https://www.google.com/maps/place/?q=place_id:ChIJ4_P_UjYldTERL2Ldym49S0U
Nha khoa Kim Cương 2,10.751040699999999,106.70523039999999,"Nha khoa Kim Cương 2, 35 Lê Văn Lương, Tân Hưng, Hồ Chí Minh 700000, Việt Nam",Phòng khám nha khoa,4.9,https://www.google.com/maps/place/?q=place_id:ChIJ605M-HMvdTER_QJjN63G1b0
Trạm Y Tế Phường Tân Phú Quận 7,10.7357511,106.7195122,"Trạm Y Tế Phường Tân Phú Quận 7, 1 Đ. số 9, Tân Mỹ, Hồ Chí Minh, Việt Nam",Trung tâm y tế,3.4,https://www.google.com/maps/place/?q=place_id:ChIJg5gAW4YvdTERbSKWXbFbYTg
"Trạm Y tế Phường Tân Quy, Quận 7",10.7451268,106.7034193,"PPW3+393 Trạm Y tế Phường Tân Quy, Quận 7, Đường Số 15, Tân Hưng, Hồ Chí Minh, Việt Nam",Trung tâm y tế,5,https://www.google.com/maps/place/?q=place_id:ChIJRRyyIQAvdTERar6NPqpeJf4
Trạm Y Tế Phường Tân Hưng,10.746046,106.7042889,"Trạm Y Tế Phường Tân Hưng, 206 Lê Văn Lương, Tân Hưng, Hồ Chí Minh, Việt Nam",Dịch vụ y tế địa phương,3,https://www.google.com/maps/place/?q=place_id:ChIJr0HbZEIvdTERzvLj2PFPenI
Phong chan Tri YHDT Le Phuoc Ha,10.7513857,106.7047187,"Phong chan Tri YHDT Le Phuoc Ha, 591/1e Đ. Trần Xuân Soạn, Tân Hưng, Hồ Chí Minh, Việt Nam",Bệnh viện,5,https://www.google.com/maps/place/?q=place_id:ChIJ_b2R8XMvdTER2Dk-h_OvIOs
Phòng siêu âm chẩn đoán Dr. Hoa,10.748026999999999,106.7134722,"Phòng siêu âm chẩn đoán Dr. Hoa, chung cư Mỹ Phú, 60/68 Lâm Văn Bền, Tân Hưng, Hồ Chí Minh 756100, Việt Nam","Trung tâm kiểm tra sức khỏe, Bác sĩ",5,https://www.google.com/maps/place/?q=place_id:ChIJ4Tc1KpgvdTERbe_jtHBToYA
Trạm Y Tế Dự Phòng Quận 7,10.7489262,106.728642,"Trạm Y Tế Dự Phòng Quận 7, 342 Huỳnh Tấn Phát, Tân Thuận, Hồ Chí Minh, Việt Nam",Bệnh viện,2.5,https://www.google.com/maps/place/?q=place_id:ChIJv5aSUYEldTER2vDGJvGbLOs
Trạm Y tế phường Tân Thuận Đông,10.743765999999999,106.7295821,"Trạm Y tế phường Tân Thuận Đông, 531 Huỳnh Tấn Phát, Tân Thuận, Hồ Chí Minh 70000, Việt Nam",Trung tâm y tế,2.6,https://www.google.com/maps/place/?q=place_id:ChIJP-6Dq3gldTERP23JUcpUcTM
Kanso Beauty's & Spa Clinic Quận 7 (Chăm sóc da Nhật Bản),10.741106499999999,106.731219,"Kanso Beauty's & Spa Clinic Quận 7 (Chăm sóc da Nhật Bản), Đ. Số 1/585/32/24 Huỳnh Tấn Phát, Khu dân Cư Nam Long, Tân Thuận, Hồ Chí Minh 79000, Việt Nam","Cửa hàng chăm sóc sức khỏe và làm đẹp, Chuyên gia làm đẹp, Spa y tế, Cơ sở chăm sóc da",5,https://www.google.com/maps/place/?q=place_id:ChIJ2ysjmswldTERtncYS8FxGK4
Norra Spa - Quận 7,10.7390785,106.70808219999999,"Norra Spa - Quận 7, 501-503 Nguyễn Thị Thập, Tân Hưng, Hồ Chí Minh, Việt Nam",Spa,5,https://www.google.com/maps/place/?q=place_id:ChIJd7N99SYvdTER11_HLO9pXkw
Family Medical Practice - Phu My Hung,10.725178099999999,106.7074373,"Family Medical Practice - Phu My Hung, 41 Đặng Đức Thuật, Khu đô thị Phú Mỹ Hưng, Tân Hưng, Hồ Chí Minh, Việt Nam",Trung tâm y tế,4,https://www.google.com/maps/place/?q=place_id:ChIJ2TQnTiIvdTERhGOAubdqxd8
Phòng Khám Chuyên Khoa Tai - Mũi - Họng Bs Nguyễn Anh Tuấn,10.7082263,106.73745819999999,"Phòng Khám Chuyên Khoa Tai - Mũi - Họng Bs Nguyễn Anh Tuấn, 1607 Huỳnh Tấn Phát, Phú Thuận, Hồ Chí Minh, Việt Nam",Phòng khám,4.5,https://www.google.com/maps/place/?q=place_id:ChIJmVTPsk8ldTERout7zfG5KMI
"Nha Khoa Tâm Đức Smile Quận 7 | Nha Khoa Uy Tín | Trồng răng Implant, Bọc răng sứ, Dán răng sứ, Niềng răng, Nhổ răng",10.7213833,106.7361553,"Nha Khoa Tâm Đức Smile Quận 7 | Nha Khoa Uy Tín | Trồng răng Implant, Bọc răng sứ, Dán răng sứ, Niềng răng, Nhổ răng, 1112 Huỳnh Tấn Phát, Tân Mỹ, Hồ Chí Minh 700000, Việt Nam",Phòng khám nha khoa,4.8,https://www.google.com/maps/place/?q=place_id:ChIJl1QuJiYldTERAuZh6kMPHKc
HT spa 1 - Massage trị liệu Quận 7 | Gội dưỡng sinh Quận 7 | Lấy nhân mụn không đau,10.708120899999999,106.73377889999999,"HT spa 1 - Massage trị liệu Quận 7 | Gội dưỡng sinh Quận 7 | Lấy nhân mụn không đau, Chung cư boulevard, Tân Mỹ, Hồ Chí Minh, Việt Nam",Spa sức khỏe,4.7,https://www.google.com/maps/place/?q=place_id:ChIJd2O7nFMldTERMs_3JyjVAwY
"BON Spa - Phú Mỹ Hưng Quận 7 | Spa Chăm Sóc Mẹ Bầu và Em Bé, Dịch Vụ Chăm Sóc Sau Sinh, Massage Body và Gội Đầu Thư Giãn",10.7257348,106.7289618,"BON Spa - Phú Mỹ Hưng Quận 7 | Spa Chăm Sóc Mẹ Bầu và Em Bé, Dịch Vụ Chăm Sóc Sau Sinh, Massage Body và Gội Đầu Thư Giãn, The Peak - MidTown, Phú Mỹ Hưng, Khu đô thị Phú Mỹ Hưng, Tân Mỹ, Hồ Chí Minh 700000, Việt Nam","Spa sức khỏe, Cửa hàng chăm sóc sức khỏe và làm đẹp, Trung tâm chăm sóc thai sản",5,https://www.google.com/maps/place/?q=place_id:ChIJ80FCMTIldTERo7zBxN0Hw6s
BEN'AN - Dưỡng Sinh & Spa,10.715805,106.74180299999999,"BEN'AN - Dưỡng Sinh & Spa, 34 Đ. Lê Thị Chợ, Quận 7, Hồ Chí Minh 72907, Việt Nam",Spa,5,https://www.google.com/maps/place/?q=place_id:ChIJGZvkXQAldTERU5gura0S3Ho
Nha Khoa Top 1,10.720926799999999,106.7427939,"Nha Khoa Top 1, 04 Đ. Đào Trí, Phú Thuận, Hồ Chí Minh, Việt Nam",Phòng khám nha khoa,5,https://www.google.com/maps/place/?q=place_id:ChIJHQs9NAAldTERN9H6Odz4cgo
Nha Khoa Việt Mỹ - Quận 7,10.7153872,106.7367606,"Nha Khoa Việt Mỹ - Quận 7, 1298 Huỳnh Tấn Phát, Phường Tân Mỹ (P, Tân Mỹ, Hồ Chí Minh 70000, Việt Nam",Phòng khám nha khoa,4.4,https://www.google.com/maps/place/?q=place_id:ChIJKe3kIH0ldTER7Ay6Bn7ZYnQ
Cơ Sở Điều Trị Methadone Quận 7,10.7371514,106.7233084,"Cơ Sở Điều Trị Methadone Quận 7, 101 Nguyễn Thị Thập, Tân Mỹ, Hồ Chí Minh, Việt Nam",Trung tâm y tế,3.8,https://www.google.com/maps/place/?q=place_id:ChIJrVXKY4cvdTERZ9s9oUbBang
Nha Khoa Bảo Việt,10.7381101,106.71815939999999,"Nha Khoa Bảo Việt, 215 Nguyễn Thị Thập, Tân Mỹ, Hồ Chí Minh 700000, Việt Nam",Bệnh viện,4.9,https://www.google.com/maps/place/?q=place_id:ChIJi14hfQ8vdTERE90CDwA2U9w
Mommy spa & skincare Quận 7,10.7403398,106.7137972,"Mommy spa & skincare Quận 7, 39 Mai Văn Vĩnh, Tân Hưng, Hồ Chí Minh, Việt Nam",Spa,4.8,https://www.google.com/maps/place/?q=place_id:ChIJPf0D4RAvdTERPVWTxq_SGyE
Mer Beauty & Spa - Quận 7,10.740543299999999,106.7064377,"Mer Beauty & Spa - Quận 7, 145 Đường số 79, Tân Hưng, Hồ Chí Minh 722000, Việt Nam","Spa, Thẩm mỹ viện, Dịch vụ thẩm mỹ, Spa mặt, Spa sức khỏe",5,https://www.google.com/maps/place/?q=place_id:ChIJ01RoNxwvdTERBnf_JFEdUGA
PHÒNG KHÁM SẢN PHỤ KHOA - HIẾM MUỘN | BS. CK1 BÁ PHONG - BV TỪ DŨ,10.740681799999999,106.70644759999999,"PHÒNG KHÁM SẢN PHỤ KHOA - HIẾM MUỘN | BS. CK1 BÁ PHONG - BV TỪ DŨ, 138a Đường số 79, Tân Hưng, Hồ Chí Minh, Việt Nam",Bác sĩ khoa sản-Bác sĩ phụ khoa,5,https://www.google.com/maps/place/?q=place_id:ChIJPewANwAvdTERchcVuxYRn48
Mỹ Viện Thế Giới Sắc Đẹp - Quận 7,10.7241277,106.7288502,"Mỹ Viện Thế Giới Sắc Đẹp - Quận 7, 35 Đường 16, KDC, Phú Mỹ Hưng MIDTOWN (m7, P, Tân Mỹ, Hồ Chí Minh 72900, Việt Nam",Spa,4,https://www.google.com/maps/place/?q=place_id:ChIJWy2YFkIldTERp0F9XwnOumA
Phòng khám sản phụ khoa An Phúc,10.7216056,106.7360741,"Phòng khám sản phụ khoa An Phúc, 1106 Huỳnh Tấn Phát, Tân Mỹ, Hồ Chí Minh, Việt Nam",Phòng khám phụ khoa,3.7,https://www.google.com/maps/place/?q=place_id:ChIJi7Sleib_azERPwRlDodGX_I
Bệnh viện Thú y PetCare,10.730213,106.7099901,"Bệnh viện Thú y PetCare, 1 Đ. số 6, Hưng Vượng 2, Tân Hưng, Hồ Chí Minh, Việt Nam","Bác sĩ thú y, Bệnh viện thú y, Dịch vụ chăm sóc thú nuôi, Người giữ vật nuôi, Cửa hàng vật nuôi, Cửa hàng đồ vật nuôi",4.5,https://www.google.com/maps/place/?q=place_id:ChIJ0WqpopEvdTERfjHsk8yYmsE
Bệnh Viện Thú Y Dr. Pet,10.7281695,106.70956389999999,"Bệnh Viện Thú Y Dr. Pet, 23 Đường Nguyễn Văn Linh, Khu đô thị Phú Mỹ Hưng, Quận 7, Hồ Chí Minh, Việt Nam",Bệnh viện thú y,4.1,https://www.google.com/maps/place/?q=place_id:ChIJj0zaaZAvdTERlgPknzsfHKQ
